time_period,time_identifier,geographic_level,country_code,country_name,region_code,region_name,old_la_code,new_la_code,la_name,category,CINPlan_start,CINPlan_start_rate,CINPlan_child_start,CINPlan_child_start_rate,CINPlan_end,CINPlan_end_rate,CINPlan_child_end,CINPlan_child_end_rate,CINPlan_anypoint,CINPlan_anypoint_rate,CINPlan_child_anypoint,CINPlan_child_anypoint_rate,CINPlan_At31,CINPlan_At31_rate
2024,Reporting year,National,E92000001,England,,,,,,CIN Plans,185660,154.7,178420,148.7,184430,153.7,177470,147.9,287860,239.9,273750,228.1,103440,86.2
2024,Reporting year,Regional,E92000001,England,E12000001,North East,,,,CIN Plans,11570,216.2,11190,209.1,11170,208.7,10850,202.8,17990,336.2,17080,319.2,6820,127.5
2024,Reporting year,Regional,E92000001,England,E12000002,North West,,,,CIN Plans,32370,202.4,31010,193.9,32550,203.5,31260,195.5,47180,295,44430,277.8,14630,91.5
2024,Reporting year,Regional,E92000001,England,E12000003,Yorkshire and The Humber,,,,CIN Plans,22110,189.8,21260,182.5,21760,186.8,20920,179.6,32270,277,30450,261.4,10510,90.2
2024,Reporting year,Regional,E92000001,England,E12000004,East Midlands,,,,CIN Plans,17130,168.6,16610,163.4,17000,167.3,16640,163.7,25690,252.7,24780,243.8,8680,85.5
2024,Reporting year,Regional,E92000001,England,E12000005,West Midlands,,,,CIN Plans,16490,124.4,16180,122.1,16730,126.3,16450,124.1,27010,203.8,26140,197.3,10280,77.6
2024,Reporting year,Regional,E92000001,England,E12000006,East of England,,,,CIN Plans,13340,97.6,13040,95.4,12840,93.9,12540,91.7,21220,155.2,20440,149.5,8380,61.3
2024,Reporting year,Regional,E92000001,England,E12000007,London,,,,CIN Plans,26280,138.3,25800,135.8,24310,128,23890,125.8,43410,228.5,42200,222.1,19090,100.5
2024,Reporting year,Regional,E92000001,England,E12000008,South East,,,,CIN Plans,31800,159.9,29070,146.2,33210,166.9,30360,152.7,49780,250.3,45740,230,16570,83.3
2024,Reporting year,Regional,E92000001,England,E12000009,South West,,,,CIN Plans,14570,132.2,14260,129.4,14850,134.8,14560,132.2,23320,211.7,22490,204.1,8470,76.9
2024,Reporting year,Regional,E92000001,England,E13000001,Inner London,,,,CIN Plans,10660,166.3,10480,163.5,9070,141.5,8930,139.3,17040,265.8,16610,259.1,7960,124.2
2024,Reporting year,Regional,E92000001,England,E13000002,Outer London,,,,CIN Plans,15620,124.1,15330,121.7,15240,121.1,14960,118.9,26370,209.5,25590,203.3,11130,88.4
2024,Reporting year,Local authority,E92000001,England,E12000001,North East,840,E06000047,County Durham,CIN Plans,2512,252.1,2393,240.2,2446,245.5,2324,233.3,3528,354.1,3303,331.5,1082,108.6
2024,Reporting year,Local authority,E92000001,England,E12000001,North East,841,E06000005,Darlington,CIN Plans,509,227.1,495,220.9,444,198.1,432,192.8,772,344.5,741,330.6,328,146.4
2024,Reporting year,Local authority,E92000001,England,E12000001,North East,390,E08000037,Gateshead,CIN Plans,860,216.2,827,207.9,552,138.7,533,134,863,216.9,830,208.6,311,78.2
2024,Reporting year,Local authority,E92000001,England,E12000001,North East,805,E06000001,Hartlepool,CIN Plans,757,370.8,736,360.5,754,369.3,741,362.9,1252,613.2,1171,573.5,498,243.9
2024,Reporting year,Local authority,E92000001,England,E12000001,North East,806,E06000002,Middlesbrough,CIN Plans,938,269.6,904,259.8,1014,291.5,991,284.8,1486,427.1,1413,406.1,472,135.7
2024,Reporting year,Local authority,E92000001,England,E12000001,North East,391,E08000021,Newcastle upon Tyne,CIN Plans,1006,167.4,953,158.6,1059,176.2,1018,169.4,1752,291.6,1590,264.6,693,115.3
2024,Reporting year,Local authority,E92000001,England,E12000001,North East,392,E08000022,North Tyneside,CIN Plans,558,132.7,549,130.6,567,134.9,561,133.5,1070,254.5,1033,245.7,503,119.7
2024,Reporting year,Local authority,E92000001,England,E12000001,North East,929,E06000057,Northumberland,CIN Plans,1244,211.5,1219,207.3,1210,205.7,1186,201.7,2091,355.5,2025,344.3,881,149.8
2024,Reporting year,Local authority,E92000001,England,E12000001,North East,807,E06000003,Redcar and Cleveland,CIN Plans,703,256.2,691,251.8,738,268.9,733,267.1,1221,445,1191,434,483,176
2024,Reporting year,Local authority,E92000001,England,E12000001,North East,393,E08000023,South Tyneside,CIN Plans,554,184.1,547,181.8,549,182.4,541,179.8,918,305,894,297,369,122.6
2024,Reporting year,Local authority,E92000001,England,E12000001,North East,808,E06000004,Stockton-on-Tees,CIN Plans,1144,259.5,1110,251.8,1085,246.1,1057,239.8,1782,404.2,1684,382,697,158.1
2024,Reporting year,Local authority,E92000001,England,E12000001,North East,394,E08000024,Sunderland,CIN Plans,784,140.9,765,137.5,751,135,735,132.1,1257,225.9,1208,217.1,506,90.9
2024,Reporting year,Local authority,E92000001,England,E12000002,North West,889,E06000008,Blackburn with Darwen,CIN Plans,849,210.2,823,203.8,801,198.3,782,193.6,1213,300.3,1156,286.2,412,102
2024,Reporting year,Local authority,E92000001,England,E12000002,North West,890,E06000009,Blackpool,CIN Plans,687,239.7,680,237.2,748,261,732,255.4,1134,395.6,1107,386.2,386,134.7
2024,Reporting year,Local authority,E92000001,England,E12000002,North West,350,E08000001,Bolton,CIN Plans,2006,271.7,1875,254,2138,289.6,2036,275.8,2547,345,2357,319.2,409,55.4
2024,Reporting year,Local authority,E92000001,England,E12000002,North West,351,E08000002,Bury,CIN Plans,692,157.4,679,154.4,710,161.5,696,158.3,1090,247.9,1052,239.3,380,86.4
2024,Reporting year,Local authority,E92000001,England,E12000002,North West,895,E06000049,Cheshire East,CIN Plans,1032,126.4,1010,123.7,1170,143.3,1142,139.9,1632,199.9,1561,191.2,462,56.6
2024,Reporting year,Local authority,E92000001,England,E12000002,North West,896,E06000050,Cheshire West and Chester,CIN Plans,1048,147.9,1038,146.4,1000,141.1,987,139.2,1640,231.4,1608,226.9,640,90.3
2024,Reporting year,Local authority,E92000001,England,E12000002,North West,942,E06000063,Cumberland,CIN Plans,1151,222.3,1061,204.9,1148,221.7,1093,211.1,1558,300.9,1443,278.7,410,79.2
2024,Reporting year,Local authority,E92000001,England,E12000002,North West,876,E06000006,Halton,CIN Plans,481,174.7,466,169.3,495,179.8,488,177.2,772,280.4,741,269.1,277,100.6
2024,Reporting year,Local authority,E92000001,England,E12000002,North West,340,E08000011,Knowsley,CIN Plans,514,145.8,502,142.4,477,135.3,468,132.8,833,236.3,796,225.8,356,101
2024,Reporting year,Local authority,E92000001,England,E12000002,North West,888,E10000017,Lancashire,CIN Plans,1626,63.5,1585,61.9,1793,70,1748,68.3,3005,117.3,2918,113.9,1212,47.3
2024,Reporting year,Local authority,E92000001,England,E12000002,North West,341,E08000012,Liverpool,CIN Plans,1673,174.4,1641,171,1374,143.2,1347,140.4,2349,244.8,2275,237.1,975,101.6
2024,Reporting year,Local authority,E92000001,England,E12000002,North West,352,E08000003,Manchester,CIN Plans,2537,195.5,2467,190.1,2649,204.1,2576,198.5,3724,286.9,3539,272.7,1075,82.8
2024,Reporting year,Local authority,E92000001,England,E12000002,North West,353,E08000004,Oldham,CIN Plans,3830,608,3611,573.2,3789,601.5,3503,556.1,4886,775.6,4429,703.1,1097,174.1
2024,Reporting year,Local authority,E92000001,England,E12000002,North West,354,E08000005,Rochdale,CIN Plans,2441,433,2268,402.3,2697,478.4,2520,447,3389,601.1,3060,542.8,692,122.7
2024,Reporting year,Local authority,E92000001,England,E12000002,North West,355,E08000006,Salford,CIN Plans,1486,242.1,1423,231.9,1430,233,1375,224,2180,355.2,2056,335,750,122.2
2024,Reporting year,Local authority,E92000001,England,E12000002,North West,343,E08000014,Sefton,CIN Plans,1142,211.6,1104,204.6,1099,203.6,1069,198.1,1900,352,1792,332,801,148.4
2024,Reporting year,Local authority,E92000001,England,E12000002,North West,342,E08000013,St. Helens,CIN Plans,1070,288.4,1033,278.4,940,253.3,907,244.4,1498,403.7,1408,379.4,558,150.4
2024,Reporting year,Local authority,E92000001,England,E12000002,North West,356,E08000007,Stockport,CIN Plans,1277,199.2,1243,193.9,1135,177.1,1108,172.8,1913,298.4,1826,284.9,778,121.4
2024,Reporting year,Local authority,E92000001,England,E12000002,North West,357,E08000008,Tameside,CIN Plans,1361,261.6,1286,247.2,1330,255.6,1246,239.5,1773,340.8,1632,313.7,443,85.1
2024,Reporting year,Local authority,E92000001,England,E12000002,North West,358,E08000009,Trafford,CIN Plans,712,127.1,696,124.3,826,147.5,803,143.4,1185,211.6,1120,199.9,359,64.1
2024,Reporting year,Local authority,E92000001,England,E12000002,North West,877,E06000007,Warrington,CIN Plans,1160,262.7,1125,254.8,1224,277.2,1180,267.3,1675,379.4,1571,355.8,451,102.1
2024,Reporting year,Local authority,E92000001,England,E12000002,North West,943,E06000064,Westmorland and Furness,CIN Plans,769,197.3,713,183,737,189.1,689,176.8,1099,282,1016,260.7,362,92.9
2024,Reporting year,Local authority,E92000001,England,E12000002,North West,359,E08000010,Wigan,CIN Plans,1604,227.4,1499,212.5,1728,245,1675,237.4,2406,341.1,2249,318.8,678,96.1
2024,Reporting year,Local authority,E92000001,England,E12000002,North West,344,E08000015,Wirral,CIN Plans,1223,185.7,1183,179.6,1113,169,1088,165.2,1781,270.4,1716,260.5,668,101.4
2024,Reporting year,Local authority,E92000001,England,E12000003,Yorkshire and The Humber,370,E08000016,Barnsley,CIN Plans,1080,211.6,1044,204.5,1014,198.6,971,190.2,1411,276.4,1349,264.3,397,77.8
2024,Reporting year,Local authority,E92000001,England,E12000003,Yorkshire and The Humber,380,E08000032,Bradford,CIN Plans,2699,190.9,2636,186.4,2734,193.4,2662,188.3,4052,286.6,3887,274.9,1318,93.2
2024,Reporting year,Local authority,E92000001,England,E12000003,Yorkshire and The Humber,381,E08000033,Calderdale,CIN Plans,361,80.2,357,79.3,362,80.4,354,78.7,641,142.4,620,137.8,279,62
2024,Reporting year,Local authority,E92000001,England,E12000003,Yorkshire and The Humber,371,E08000017,Doncaster,CIN Plans,974,147,969,146.3,806,121.7,804,121.4,1247,188.3,1241,187.4,441,66.6
2024,Reporting year,Local authority,E92000001,England,E12000003,Yorkshire and The Humber,811,E06000011,East Riding of Yorkshire,CIN Plans,861,138.4,724,116.4,701,112.7,573,92.1,1204,193.5,1019,163.8,503,80.9
2024,Reporting year,Local authority,E92000001,England,E12000003,Yorkshire and The Humber,810,E06000010,"Kingston upon Hull, City of",CIN Plans,1450,237.4,1423,233,1419,232.3,1377,225.5,2311,378.4,2203,360.7,892,146
2024,Reporting year,Local authority,E92000001,England,E12000003,Yorkshire and The Humber,382,E08000034,Kirklees,CIN Plans,1765,178.8,1680,170.2,1819,184.2,1754,177.7,2364,239.5,2219,224.8,545,55.2
2024,Reporting year,Local authority,E92000001,England,E12000003,Yorkshire and The Humber,383,E08000035,Leeds,CIN Plans,1552,89.1,1534,88.1,1576,90.5,1555,89.3,2314,132.9,2264,130,738,42.4
2024,Reporting year,Local authority,E92000001,England,E12000003,Yorkshire and The Humber,812,E06000012,North East Lincolnshire,CIN Plans,1073,322.6,1040,312.7,1043,313.6,1010,303.7,1544,464.3,1473,442.9,501,150.6
2024,Reporting year,Local authority,E92000001,England,E12000003,Yorkshire and The Humber,813,E06000013,North Lincolnshire,CIN Plans,531,154.6,527,153.4,366,106.6,363,105.7,930,270.8,909,264.6,564,164.2
2024,Reporting year,Local authority,E92000001,England,E12000003,Yorkshire and The Humber,815,E06000065,North Yorkshire,CIN Plans,2210,192.8,2135,186.3,2194,191.4,2121,185,3413,297.8,3245,283.1,1219,106.3
2024,Reporting year,Local authority,E92000001,England,E12000003,Yorkshire and The Humber,372,E08000018,Rotherham,CIN Plans,974,167.7,940,161.8,1132,194.8,1089,187.4,1549,266.6,1452,249.9,417,71.8
2024,Reporting year,Local authority,E92000001,England,E12000003,Yorkshire and The Humber,373,E08000019,Sheffield,CIN Plans,4778,418.1,4503,394,4820,421.8,4551,398.2,6597,577.2,5999,524.9,1777,155.5
2024,Reporting year,Local authority,E92000001,England,E12000003,Yorkshire and The Humber,384,E08000036,Wakefield,CIN Plans,1245,164.1,1218,160.5,1284,169.2,1258,165.8,1866,245.9,1792,236.2,582,76.7
2024,Reporting year,Local authority,E92000001,England,E12000003,Yorkshire and The Humber,816,E06000014,York,CIN Plans,552,159.5,534,154.3,492,142.1,478,138.1,827,238.9,777,224.5,335,96.8
2024,Reporting year,Local authority,E92000001,England,E12000004,East Midlands,831,E06000015,Derby,CIN Plans,1348,224.4,1289,214.6,1277,212.6,1243,207,1920,319.7,1814,302,643,107.1
2024,Reporting year,Local authority,E92000001,England,E12000004,East Midlands,830,E10000007,Derbyshire,CIN Plans,3341,216.3,3250,210.4,3531,228.6,3436,222.4,5061,327.6,4836,313,1530,99
2024,Reporting year,Local authority,E92000001,England,E12000004,East Midlands,856,E06000016,Leicester,CIN Plans,940,105.9,901,101.5,858,96.7,831,93.7,1194,134.6,1136,128,336,37.9
2024,Reporting year,Local authority,E92000001,England,E12000004,East Midlands,855,E10000018,Leicestershire,CIN Plans,1060,73,1045,72,1180,81.3,1175,80.9,1723,118.7,1695,116.8,543,37.4
2024,Reporting year,Local authority,E92000001,England,E12000004,East Midlands,925,E10000019,Lincolnshire,CIN Plans,4839,328.6,4597,312.2,4679,317.8,4525,307.3,7301,495.8,6998,475.2,2622,178.1
2024,Reporting year,Local authority,E92000001,England,E12000004,East Midlands,940,E06000061,North Northamptonshire,CIN Plans,1247,153.6,1245,153.3,1083,133.4,1075,132.4,1857,228.7,1835,226,774,95.3
2024,Reporting year,Local authority,E92000001,England,E12000004,East Midlands,892,E06000018,Nottingham,CIN Plans,913,135.2,899,133.2,1117,165.4,1109,164.3,1607,238,1569,232.4,490,72.6
2024,Reporting year,Local authority,E92000001,England,E12000004,East Midlands,891,E10000024,Nottinghamshire,CIN Plans,2072,122.6,2020,119.6,2051,121.4,2023,119.7,2907,172.1,2804,166,856,50.7
2024,Reporting year,Local authority,E92000001,England,E12000004,East Midlands,857,E06000017,Rutland,CIN Plans,63,79,61,76.5,67,84,62,77.8,101,126.7,93,116.7,34,42.6
2024,Reporting year,Local authority,E92000001,England,E12000004,East Midlands,941,E06000062,West Northamptonshire,CIN Plans,1306,137.6,1300,136.9,1158,122,1157,121.9,2014,212.1,1998,210.5,856,90.2
2024,Reporting year,Local authority,E92000001,England,E12000005,West Midlands,330,E08000025,Birmingham,CIN Plans,2887,99.7,2852,98.5,3086,106.6,3047,105.3,4596,158.8,4480,154.8,1510,52.2
2024,Reporting year,Local authority,E92000001,England,E12000005,West Midlands,331,E08000026,Coventry,CIN Plans,1825,226.7,1781,221.3,1895,235.4,1867,231.9,2903,360.6,2778,345.1,1008,125.2
2024,Reporting year,Local authority,E92000001,England,E12000005,West Midlands,332,E08000027,Dudley,CIN Plans,726,104.1,719,103.1,718,102.9,709,101.6,1220,174.9,1202,172.3,502,72
2024,Reporting year,Local authority,E92000001,England,E12000005,West Midlands,884,E06000019,"Herefordshire, County of",CIN Plans,639,187.7,611,179.4,702,206.2,687,201.8,994,291.9,949,278.7,292,85.8
2024,Reporting year,Local authority,E92000001,England,E12000005,West Midlands,333,E08000028,Sandwell,CIN Plans,1255,144.5,1222,140.7,1230,141.6,1186,136.6,1813,208.8,1712,197.2,583,67.1
2024,Reporting year,Local authority,E92000001,England,E12000005,West Midlands,893,E06000051,Shropshire,CIN Plans,439,73.9,437,73.6,411,69.2,409,68.9,904,152.2,898,151.2,493,83
2024,Reporting year,Local authority,E92000001,England,E12000005,West Midlands,334,E08000029,Solihull,CIN Plans,710,146.3,696,143.4,695,143.2,679,139.9,1026,211.4,980,201.9,331,68.2
2024,Reporting year,Local authority,E92000001,England,E12000005,West Midlands,860,E10000028,Staffordshire,CIN Plans,1310,75.8,1301,75.2,1286,74.4,1281,74.1,2562,148.2,2545,147.2,1276,73.8
2024,Reporting year,Local authority,E92000001,England,E12000005,West Midlands,861,E06000021,Stoke-on-Trent,CIN Plans,1444,240,1408,234,1592,264.6,1542,256.3,2302,382.6,2187,363.5,710,118
2024,Reporting year,Local authority,E92000001,England,E12000005,West Midlands,894,E06000020,Telford and Wrekin,CIN Plans,569,132.1,561,130.3,736,170.9,726,168.6,1224,284.2,1190,276.3,488,113.3
2024,Reporting year,Local authority,E92000001,England,E12000005,West Midlands,335,E08000030,Walsall,CIN Plans,581,82.9,579,82.6,107,15.3,106,15.1,616,87.9,613,87.4,509,72.6
2024,Reporting year,Local authority,E92000001,England,E12000005,West Midlands,937,E10000031,Warwickshire,CIN Plans,1725,137.6,1699,135.5,1729,137.9,1714,136.7,2898,231.1,2813,224.3,1169,93.2
2024,Reporting year,Local authority,E92000001,England,E12000005,West Midlands,336,E08000031,Wolverhampton,CIN Plans,872,133.4,852,130.3,914,139.8,904,138.3,1430,218.8,1374,210.2,516,78.9
2024,Reporting year,Local authority,E92000001,England,E12000005,West Midlands,885,E10000034,Worcestershire,CIN Plans,1508,126,1457,121.8,1632,136.4,1592,133.1,2523,210.9,2419,202.2,891,74.5
2024,Reporting year,Local authority,E92000001,England,E12000006,East of England,822,E06000055,Bedford,CIN Plans,567,131.6,547,127,512,118.9,493,114.5,1011,234.7,963,223.6,499,115.9
2024,Reporting year,Local authority,E92000001,England,E12000006,East of England,873,E10000003,Cambridgeshire,CIN Plans,1260,90.5,1216,87.4,1232,88.5,1188,85.4,1794,128.9,1711,122.9,562,40.4
2024,Reporting year,Local authority,E92000001,England,E12000006,East of England,823,E06000056,Central Bedfordshire,CIN Plans,637,93.7,637,93.7,552,81.2,552,81.2,811,119.3,811,119.3,259,38.1
2024,Reporting year,Local authority,E92000001,England,E12000006,East of England,881,E10000012,Essex,CIN Plans,1814,56.2,1791,55.5,1834,56.8,1815,56.2,3281,101.6,3223,99.8,1447,44.8
2024,Reporting year,Local authority,E92000001,England,E12000006,East of England,919,E10000015,Hertfordshire,CIN Plans,1851,67.7,1823,66.7,1945,71.1,1906,69.7,3347,122.4,3211,117.4,1402,51.3
2024,Reporting year,Local authority,E92000001,England,E12000006,East of England,821,E06000032,Luton,CIN Plans,865,143.7,843,140,708,117.6,688,114.3,1165,193.5,1117,185.5,457,75.9
2024,Reporting year,Local authority,E92000001,England,E12000006,East of England,926,E10000020,Norfolk,CIN Plans,2271,133.6,2207,129.9,2158,127,2092,123.1,3488,205.2,3326,195.7,1330,78.3
2024,Reporting year,Local authority,E92000001,England,E12000006,East of England,874,E06000031,Peterborough,CIN Plans,913,163.2,897,160.3,757,135.3,741,132.4,1339,239.3,1293,231.1,582,104
2024,Reporting year,Local authority,E92000001,England,E12000006,East of England,882,E06000033,Southend-on-Sea,CIN Plans,637,164.5,620,160.1,645,166.6,637,164.5,922,238.2,894,230.9,277,71.5
2024,Reporting year,Local authority,E92000001,England,E12000006,East of England,935,E10000029,Suffolk,CIN Plans,1955,130,1895,126,1914,127.3,1851,123.1,3035,201.9,2882,191.7,1121,74.6
2024,Reporting year,Local authority,E92000001,England,E12000006,East of England,883,E06000034,Thurrock,CIN Plans,570,125.7,562,123.9,580,127.9,577,127.2,1023,225.6,1005,221.6,443,97.7
2024,Reporting year,Local authority,E92000001,England,E12000008,South East,867,E06000036,Bracknell Forest,CIN Plans,358,125,358,125,359,125.3,358,125,652,227.6,644,224.8,293,102.3
2024,Reporting year,Local authority,E92000001,England,E12000008,South East,846,E06000043,Brighton and Hove,CIN Plans,x,x,x,x,x,x,x,x,x,x,x,x,x,x
2024,Reporting year,Local authority,E92000001,England,E12000008,South East,825,E06000060,Buckinghamshire,CIN Plans,1600,125.4,1575,123.4,1731,135.6,1698,133.1,2783,218.1,2697,211.3,1052,82.4
2024,Reporting year,Local authority,E92000001,England,E12000008,South East,845,E10000011,East Sussex,CIN Plans,1358,131.1,1333,128.7,1262,121.8,1219,117.7,2391,230.8,2306,222.6,1129,109
2024,Reporting year,Local authority,E92000001,England,E12000008,South East,850,E10000014,Hampshire,CIN Plans,u,u,u,u,u,u,u,u,u,u,u,u,u,u
2024,Reporting year,Local authority,E92000001,England,E12000008,South East,921,E06000046,Isle of Wight,CIN Plans,670,285.9,647,276,620,264.5,606,258.6,962,410.4,915,390.4,342,145.9
2024,Reporting year,Local authority,E92000001,England,E12000008,South East,886,E10000016,Kent,CIN Plans,4679,134.3,4567,131.1,4766,136.8,4678,134.3,7797,223.8,7529,216.1,3031,87
2024,Reporting year,Local authority,E92000001,England,E12000008,South East,887,E06000035,Medway,CIN Plans,1192,178.7,1164,174.5,1215,182.2,1190,178.4,1901,285.1,1832,274.7,686,102.9
2024,Reporting year,Local authority,E92000001,England,E12000008,South East,826,E06000042,Milton Keynes,CIN Plans,1202,165.1,1171,160.9,1614,221.7,1576,216.5,2573,353.4,2454,337.1,959,131.7
2024,Reporting year,Local authority,E92000001,England,E12000008,South East,931,E10000025,Oxfordshire,CIN Plans,1661,108.9,1606,105.3,1636,107.3,1584,103.9,2850,186.9,2709,177.6,1214,79.6
2024,Reporting year,Local authority,E92000001,England,E12000008,South East,851,E06000044,Portsmouth,CIN Plans,555,131.2,548,129.5,521,123.1,517,122.2,856,202.3,823,194.5,335,79.2
2024,Reporting year,Local authority,E92000001,England,E12000008,South East,870,E06000038,Reading,CIN Plans,624,164.5,605,159.5,753,198.5,737,194.3,1127,297.1,1074,283.2,374,98.6
2024,Reporting year,Local authority,E92000001,England,E12000008,South East,871,E06000039,Slough,CIN Plans,930,207.4,901,200.9,837,186.6,817,182.2,1414,315.3,1341,299,577,128.7
2024,Reporting year,Local authority,E92000001,England,E12000008,South East,852,E06000045,Southampton,CIN Plans,1084,215.2,1063,211,1252,248.5,1215,241.2,1860,369.2,1765,350.4,608,120.7
2024,Reporting year,Local authority,E92000001,England,E12000008,South East,936,E10000030,Surrey,CIN Plans,2154,81.1,2103,79.2,2149,80.9,2115,79.6,3965,149.2,3827,144,1816,68.4
2024,Reporting year,Local authority,E92000001,England,E12000008,South East,869,E06000037,West Berkshire,CIN Plans,834,236.1,621,175.8,904,255.9,685,193.9,1132,320.5,879,248.8,228,64.5
2024,Reporting year,Local authority,E92000001,England,E12000008,South East,938,E10000032,West Sussex,CIN Plans,1147,64.1,1146,64,1004,56.1,998,55.8,1945,108.7,1924,107.5,941,52.6
2024,Reporting year,Local authority,E92000001,England,E12000008,South East,868,E06000040,Windsor and Maidenhead,CIN Plans,451,131.6,446,130.1,477,139.1,465,135.6,713,208,687,200.4,236,68.8
2024,Reporting year,Local authority,E92000001,England,E12000008,South East,872,E06000041,Wokingham,CIN Plans,399,92.1,398,91.9,321,74.1,321,74.1,661,152.6,650,150.1,340,78.5
2024,Reporting year,Local authority,E92000001,England,E12000009,South West,800,E06000022,Bath and North East Somerset,CIN Plans,339,93,336,92.2,403,110.6,398,109.2,712,195.3,702,192.6,309,84.8
2024,Reporting year,Local authority,E92000001,England,E12000009,South West,839,E06000058,"Bournemouth, Christchurch and Poole",CIN Plans,1277,171.9,1243,167.3,1134,152.7,1115,150.1,1819,244.9,1754,236.1,685,92.2
2024,Reporting year,Local authority,E92000001,England,E12000009,South West,801,E06000023,"Bristol, City of",CIN Plans,1257,137.5,1200,131.3,1142,124.9,1098,120.1,1816,198.6,1696,185.5,674,73.7
2024,Reporting year,Local authority,E92000001,England,E12000009,South West,908,E06000052,Cornwall,CIN Plans,1480,140,1440,136.3,1462,138.3,1431,135.4,1949,184.4,1883,178.2,487,46.1
2024,Reporting year,Local authority,E92000001,England,E12000009,South West,878,E10000008,Devon,CIN Plans,1683,114.2,1654,112.3,1657,112.5,1623,110.2,2610,177.2,2512,170.5,953,64.7
2024,Reporting year,Local authority,E92000001,England,E12000009,South West,838,E06000059,Dorset,CIN Plans,1140,172.7,1123,170.1,1284,194.5,1259,190.7,2016,305.4,1949,295.2,732,110.9
2024,Reporting year,Local authority,E92000001,England,E12000009,South West,916,E10000013,Gloucestershire,CIN Plans,1932,148.1,1883,144.3,2183,167.3,2142,164.2,3137,240.4,2995,229.6,954,73.1
2024,Reporting year,Local authority,E92000001,England,E12000009,South West,420,E06000053,Isles of Scilly,CIN Plans,c,c,c,c,c,c,c,c,6,164.8,6,164.8,c,c
2024,Reporting year,Local authority,E92000001,England,E12000009,South West,802,E06000024,North Somerset,CIN Plans,430,98,422,96.2,478,108.9,471,107.4,718,163.7,693,158,240,54.7
2024,Reporting year,Local authority,E92000001,England,E12000009,South West,879,E06000026,Plymouth,CIN Plans,705,136,698,134.6,653,125.9,648,125,1167,225.1,1142,220.3,514,99.1
2024,Reporting year,Local authority,E92000001,England,E12000009,South West,933,E06000066,Somerset,CIN Plans,1029,92.2,1014,90.9,1080,96.8,1055,94.5,1779,159.4,1725,154.6,699,62.6
2024,Reporting year,Local authority,E92000001,England,E12000009,South West,803,E06000025,South Gloucestershire,CIN Plans,563,91.8,561,91.5,487,79.4,486,79.3,1012,165.1,1003,163.6,525,85.6
2024,Reporting year,Local authority,E92000001,England,E12000009,South West,866,E06000030,Swindon,CIN Plans,741,139.9,740,139.7,846,159.7,845,159.5,1317,248.6,1302,245.7,471,88.9
2024,Reporting year,Local authority,E92000001,England,E12000009,South West,880,E06000027,Torbay,CIN Plans,649,260.8,632,253.9,737,296.1,716,287.7,1169,469.7,1125,452,432,173.6
2024,Reporting year,Local authority,E92000001,England,E12000009,South West,865,E06000054,Wiltshire,CIN Plans,1340,129.7,1308,126.6,1306,126.4,1274,123.3,2095,202.7,2002,193.7,789,76.3
2024,Reporting year,Local authority,E92000001,England,E13000001,Inner London,202,E09000007,Camden,CIN Plans,881,242.8,856,235.9,871,240,851,234.5,1565,431.2,1512,416.6,694,191.2
2024,Reporting year,Local authority,E92000001,England,E13000001,Inner London,201,E09000001,City of London,CIN Plans,8,124.6,8,124.6,c,c,c,c,16,249.2,16,249.2,c,c
2024,Reporting year,Local authority,E92000001,England,E13000001,Inner London,204,E09000012,Hackney,CIN Plans,570,104.9,563,103.6,600,110.4,595,109.5,987,181.6,972,178.8,387,71.2
2024,Reporting year,Local authority,E92000001,England,E13000001,Inner London,205,E09000013,Hammersmith and Fulham,CIN Plans,249,78.3,249,78.3,242,76.1,241,75.8,577,181.5,574,180.6,335,105.4
2024,Reporting year,Local authority,E92000001,England,E13000001,Inner London,309,E09000014,Haringey,CIN Plans,854,159.5,846,158,379,70.8,376,70.2,925,172.7,916,171.1,546,102
2024,Reporting year,Local authority,E92000001,England,E13000001,Inner London,206,E09000019,Islington,CIN Plans,849,238.1,827,231.9,787,220.7,776,217.6,1293,362.6,1245,349.2,506,141.9
2024,Reporting year,Local authority,E92000001,England,E13000001,Inner London,207,E09000020,Kensington and Chelsea,CIN Plans,786,342.8,742,323.6,818,356.7,782,341,1138,496.3,1052,458.8,320,139.5
2024,Reporting year,Local authority,E92000001,England,E13000001,Inner London,208,E09000022,Lambeth,CIN Plans,1126,215.8,1119,214.5,54,10.4,54,10.4,1127,216,1120,214.7,1073,205.7
2024,Reporting year,Local authority,E92000001,England,E13000001,Inner London,209,E09000023,Lewisham,CIN Plans,965,155.4,946,152.4,1033,166.4,1014,163.3,1552,250,1518,244.5,519,83.6
2024,Reporting year,Local authority,E92000001,England,E13000001,Inner London,316,E09000025,Newham,CIN Plans,1421,170.2,1396,167.3,1356,162.5,1329,159.2,2571,308,2487,298,1215,145.6
2024,Reporting year,Local authority,E92000001,England,E13000001,Inner London,210,E09000028,Southwark,CIN Plans,783,138.5,771,136.4,856,151.5,846,149.7,1648,291.6,1603,283.6,792,140.1
2024,Reporting year,Local authority,E92000001,England,E13000001,Inner London,211,E09000030,Tower Hamlets,CIN Plans,999,158.2,989,156.6,996,157.7,990,156.8,1524,241.3,1501,237.7,528,83.6
2024,Reporting year,Local authority,E92000001,England,E13000001,Inner London,212,E09000032,Wandsworth,CIN Plans,684,117.2,682,116.9,717,122.9,710,121.7,1392,238.6,1372,235.2,675,115.7
2024,Reporting year,Local authority,E92000001,England,E13000001,Inner London,213,E09000033,Westminster,CIN Plans,486,161.2,485,160.9,361,119.8,360,119.4,722,239.5,721,239.2,361,119.8
2024,Reporting year,Local authority,E92000001,England,E13000002,Outer London,301,E09000002,Barking and Dagenham,CIN Plans,1137,176.7,1104,171.6,1063,165.2,1042,161.9,1766,274.5,1709,265.6,703,109.3
2024,Reporting year,Local authority,E92000001,England,E13000002,Outer London,302,E09000003,Barnet,CIN Plans,x,x,x,x,x,x,x,x,x,x,x,x,x,x
2024,Reporting year,Local authority,E92000001,England,E13000002,Outer London,303,E09000004,Bexley,CIN Plans,817,141.4,772,133.7,921,159.5,884,153,1400,242.4,1329,230.1,479,82.9
2024,Reporting year,Local authority,E92000001,England,E13000002,Outer London,304,E09000005,Brent,CIN Plans,1168,158.3,1168,158.3,840,113.8,839,113.7,1486,201.3,1482,200.8,646,87.5
2024,Reporting year,Local authority,E92000001,England,E13000002,Outer London,305,E09000006,Bromley,CIN Plans,1130,155.3,1129,155.1,971,133.4,949,130.4,1967,270.3,1912,262.7,996,136.9
2024,Reporting year,Local authority,E92000001,England,E13000002,Outer London,306,E09000008,Croydon,CIN Plans,1442,157.9,1401,153.4,1265,138.5,1239,135.6,2426,265.6,2336,255.7,1161,127.1
2024,Reporting year,Local authority,E92000001,England,E13000002,Outer London,307,E09000009,Ealing,CIN Plans,937,115.4,925,113.9,1033,127.2,1022,125.8,1517,186.8,1473,181.4,484,59.6
2024,Reporting year,Local authority,E92000001,England,E13000002,Outer London,308,E09000010,Enfield,CIN Plans,1294,160.9,1261,156.8,1258,156.4,1213,150.8,2399,298.2,2296,285.4,1141,141.8
2024,Reporting year,Local authority,E92000001,England,E13000002,Outer London,203,E09000011,Greenwich,CIN Plans,542,83.3,539,82.9,526,80.9,520,79.9,871,133.9,865,133,345,53
2024,Reporting year,Local authority,E92000001,England,E13000002,Outer London,310,E09000015,Harrow,CIN Plans,606,101.5,600,100.5,601,100.7,589,98.7,979,164,956,160.1,378,63.3
2024,Reporting year,Local authority,E92000001,England,E13000002,Outer London,311,E09000016,Havering,CIN Plans,1033,168.5,1023,166.9,1082,176.5,1065,173.7,1764,287.8,1719,280.4,682,111.3
2024,Reporting year,Local authority,E92000001,England,E13000002,Outer London,312,E09000017,Hillingdon,CIN Plans,993,133.8,973,131.1,993,133.8,981,132.2,1681,226.6,1633,220.1,688,92.7
2024,Reporting year,Local authority,E92000001,England,E13000002,Outer London,313,E09000018,Hounslow,CIN Plans,773,114,715,105.5,900,132.8,870,128.3,1270,187.3,1191,175.7,370,54.6
2024,Reporting year,Local authority,E92000001,England,E13000002,Outer London,314,E09000021,Kingston upon Thames,CIN Plans,345,94.5,340,93.1,402,110.1,390,106.8,595,162.9,572,156.6,193,52.9
2024,Reporting year,Local authority,E92000001,England,E13000002,Outer London,315,E09000024,Merton,CIN Plans,468,99.4,462,98.1,388,82.4,383,81.4,787,167.2,767,162.9,399,84.8
2024,Reporting year,Local authority,E92000001,England,E13000002,Outer London,317,E09000026,Redbridge,CIN Plans,843,109.2,837,108.5,741,96,736,95.4,1705,221,1683,218.1,964,124.9
2024,Reporting year,Local authority,E92000001,England,E13000002,Outer London,318,E09000027,Richmond upon Thames,CIN Plans,405,92.2,403,91.7,404,91.9,401,91.2,679,154.5,663,150.9,275,62.6
2024,Reporting year,Local authority,E92000001,England,E13000002,Outer London,319,E09000029,Sutton,CIN Plans,670,133.8,664,132.6,611,122,609,121.6,1387,277,1368,273.2,776,155
2024,Reporting year,Local authority,E92000001,England,E13000002,Outer London,320,E09000031,Waltham Forest,CIN Plans,1016,163.6,1009,162.5,1241,199.8,1232,198.4,1691,272.3,1640,264.1,450,72.5
2023,Reporting year,National,E92000001,England,,,,,,CIN Plans,184650,155.4,176830,148.8,184910,155.6,177200,149.1,286010,240.6,270950,228,101100,85.1
2023,Reporting year,Regional,E92000001,England,E12000001,North East,,,,CIN Plans,10070,189.8,9760,184.1,11260,212.2,10960,206.6,17510,330.2,16760,316,6260,118
2023,Reporting year,Regional,E92000001,England,E12000002,North West,,,,CIN Plans,32850,207.6,31600,199.7,33150,209.5,31980,202.1,48000,303.3,45440,287.2,14860,93.9
2023,Reporting year,Regional,E92000001,England,E12000003,Yorkshire and The Humber,,,,CIN Plans,22470,194.4,21500,186,23400,202.5,22350,193.4,33070,286.1,31040,268.6,9670,83.7
2023,Reporting year,Regional,E92000001,England,E12000004,East Midlands,,,,CIN Plans,14160,141.2,13850,138,14620,145.7,14250,142,22070,220,21100,210.4,7450,74.3
2023,Reporting year,Regional,E92000001,England,E12000005,West Midlands,,,,CIN Plans,17720,135.6,17330,132.6,16540,126.5,16210,124,27920,213.7,26910,206,11390,87.1
2023,Reporting year,Regional,E92000001,England,E12000006,East of England,,,,CIN Plans,11070,82.1,10780,80,11180,83,10910,80.9,18070,134.1,17400,129.1,6890,51.1
2023,Reporting year,Regional,E92000001,England,E12000007,London,,,,CIN Plans,25890,136.3,25230,132.8,23770,125.1,23300,122.7,41960,220.9,40560,213.5,18190,95.8
2023,Reporting year,Regional,E92000001,England,E12000008,South East,,,,CIN Plans,35310,179.6,31940,162.5,36080,183.6,32660,166.2,53950,274.5,49210,250.4,17870,90.9
2023,Reporting year,Regional,E92000001,England,E12000009,South West,,,,CIN Plans,15130,138.2,14840,135.5,14930,136.3,14590,133.2,23450,214.1,22520,205.5,8530,77.8
2023,Reporting year,Regional,E92000001,England,E13000001,Inner London,,,,CIN Plans,11300,173.9,10990,169.2,9610,148,9400,144.8,17620,271.3,17010,261.9,8010,123.3
2023,Reporting year,Regional,E92000001,England,E13000002,Outer London,,,,CIN Plans,14590,116.7,14230,113.9,14160,113.3,13900,111.2,24340,194.7,23560,188.4,10180,81.5
2023,Reporting year,Local authority,E92000001,England,E12000001,North East,840,E06000047,County Durham,CIN Plans,2566,258.2,2438,245.3,2773,279,2648,266.4,3809,383.2,3563,358.5,1036,104.2
2023,Reporting year,Local authority,E92000001,England,E12000001,North East,841,E06000005,Darlington,CIN Plans,424,189.7,413,184.8,488,218.3,487,217.9,753,336.9,729,326.1,265,118.5
2023,Reporting year,Local authority,E92000001,England,E12000001,North East,390,E08000037,Gateshead,CIN Plans,398,101.2,392,99.7,575,146.2,574,146,900,228.9,894,227.4,325,82.7
2023,Reporting year,Local authority,E92000001,England,E12000001,North East,805,E06000001,Hartlepool,CIN Plans,711,353.9,699,348,670,333.5,661,329,1165,579.9,1114,554.5,495,246.4
2023,Reporting year,Local authority,E92000001,England,E12000001,North East,806,E06000002,Middlesbrough,CIN Plans,1257,367.6,1211,354.1,1467,429,1404,410.5,2018,590.1,1889,552.4,551,161.1
2023,Reporting year,Local authority,E92000001,England,E12000001,North East,391,E08000021,Newcastle upon Tyne,CIN Plans,11,1.9,11,1.9,440,74.8,440,74.8,615,104.5,609,103.5,175,29.7
2023,Reporting year,Local authority,E92000001,England,E12000001,North East,392,E08000022,North Tyneside,CIN Plans,588,139.7,575,136.7,607,144.3,595,141.4,1141,271.2,1089,258.8,534,126.9
2023,Reporting year,Local authority,E92000001,England,E12000001,North East,929,E06000057,Northumberland,CIN Plans,1158,198,1129,193,1138,194.5,1111,189.9,2003,342.4,1935,330.8,865,147.9
2023,Reporting year,Local authority,E92000001,England,E12000001,North East,807,E06000003,Redcar and Cleveland,CIN Plans,639,234.8,612,224.9,585,215,581,213.5,1106,406.4,1070,393.2,521,191.4
2023,Reporting year,Local authority,E92000001,England,E12000001,North East,393,E08000023,South Tyneside,CIN Plans,509,170.5,505,169.1,623,208.7,611,204.6,1001,335.3,968,324.2,378,126.6
2023,Reporting year,Local authority,E92000001,England,E12000001,North East,808,E06000004,Stockton-on-Tees,CIN Plans,962,219.5,948,216.3,995,227.1,983,224.3,1634,372.9,1589,362.6,639,145.8
2023,Reporting year,Local authority,E92000001,England,E12000001,North East,394,E08000024,Sunderland,CIN Plans,845,154.4,829,151.5,894,163.4,864,157.9,1368,250,1310,239.4,474,86.6
2023,Reporting year,Local authority,E92000001,England,E12000002,North West,889,E06000008,Blackburn with Darwen,CIN Plans,695,173.8,673,168.3,679,169.8,662,165.5,1048,262.1,1002,250.6,369,92.3
2023,Reporting year,Local authority,E92000001,England,E12000002,North West,890,E06000009,Blackpool,CIN Plans,872,308.5,861,304.6,889,314.5,863,305.3,1342,474.8,1292,457.1,453,160.3
2023,Reporting year,Local authority,E92000001,England,E12000002,North West,350,E08000001,Bolton,CIN Plans,2374,327.5,2207,304.4,2284,315.1,2124,293,2854,393.7,2611,360.2,570,78.6
2023,Reporting year,Local authority,E92000001,England,E12000002,North West,351,E08000002,Bury,CIN Plans,937,213.7,897,204.6,1021,232.9,980,223.5,1426,325.3,1334,304.3,405,92.4
2023,Reporting year,Local authority,E92000001,England,E12000002,North West,895,E06000049,Cheshire East,CIN Plans,1090,135.9,1054,131.5,1113,138.8,1072,133.7,1721,214.6,1622,202.3,608,75.8
2023,Reporting year,Local authority,E92000001,England,E12000002,North West,896,E06000050,Cheshire West and Chester,CIN Plans,871,123.8,863,122.7,898,127.7,889,126.4,1468,208.7,1425,202.6,570,81
2023,Reporting year,Local authority,E92000001,England,E12000002,North West,909,E10000006,Cumbria,CIN Plans,1660,183.5,1514,167.3,1697,187.6,1617,178.7,2432,268.8,2236,247.1,735,81.2
2023,Reporting year,Local authority,E92000001,England,E12000002,North West,876,E06000006,Halton,CIN Plans,609,221,594,215.6,650,235.9,632,229.4,948,344,905,328.4,298,108.1
2023,Reporting year,Local authority,E92000001,England,E12000002,North West,340,E08000011,Knowsley,CIN Plans,507,145.8,496,142.6,448,128.8,440,126.5,781,224.5,757,217.6,333,95.7
2023,Reporting year,Local authority,E92000001,England,E12000002,North West,888,E10000017,Lancashire,CIN Plans,1912,75.4,1859,73.3,1881,74.1,1849,72.9,3283,129.4,3161,124.6,1402,55.3
2023,Reporting year,Local authority,E92000001,England,E12000002,North West,341,E08000012,Liverpool,CIN Plans,1352,143.2,1319,139.7,1453,153.9,1406,148.9,2130,225.6,2034,215.4,677,71.7
2023,Reporting year,Local authority,E92000001,England,E12000002,North West,352,E08000003,Manchester,CIN Plans,3243,252,3086,239.8,3418,265.6,3264,253.7,4613,358.5,4338,337.1,1195,92.9
2023,Reporting year,Local authority,E92000001,England,E12000002,North West,353,E08000004,Oldham,CIN Plans,3069,491.8,3069,491.8,2448,392.3,2448,392.3,3492,559.6,3492,559.6,1044,167.3
2023,Reporting year,Local authority,E92000001,England,E12000002,North West,354,E08000005,Rochdale,CIN Plans,2452,441.4,2315,416.7,2388,429.8,2255,405.9,3351,603.2,3054,549.7,963,173.3
2023,Reporting year,Local authority,E92000001,England,E12000002,North West,355,E08000006,Salford,CIN Plans,1308,216.7,1270,210.4,1362,225.6,1322,219,2054,340.3,1965,325.5,692,114.6
2023,Reporting year,Local authority,E92000001,England,E12000002,North West,343,E08000014,Sefton,CIN Plans,1211,226.8,1187,222.3,1296,242.7,1263,236.5,2054,384.7,1949,365,758,142
2023,Reporting year,Local authority,E92000001,England,E12000002,North West,342,E08000013,St. Helens,CIN Plans,949,257.3,921,249.7,954,258.7,929,251.9,1386,375.8,1301,352.8,432,117.1
2023,Reporting year,Local authority,E92000001,England,E12000002,North West,356,E08000007,Stockport,CIN Plans,1281,201.8,1243,195.8,1395,219.8,1356,213.6,2054,323.6,1954,307.9,659,103.8
2023,Reporting year,Local authority,E92000001,England,E12000002,North West,357,E08000008,Tameside,CIN Plans,1517,293.8,1430,277,1643,318.2,1538,297.9,2087,404.2,1904,368.8,444,86
2023,Reporting year,Local authority,E92000001,England,E12000002,North West,358,E08000009,Trafford,CIN Plans,927,166.8,904,162.7,960,172.8,942,169.5,1424,256.3,1357,244.2,464,83.5
2023,Reporting year,Local authority,E92000001,England,E12000002,North West,877,E06000007,Warrington,CIN Plans,1130,258.9,1108,253.9,1305,299.1,1262,289.2,1722,394.6,1630,373.5,417,95.6
2023,Reporting year,Local authority,E92000001,England,E12000002,North West,359,E08000010,Wigan,CIN Plans,1859,268.6,1742,251.7,1899,274.4,1828,264.2,2709,391.5,2553,368.9,810,117.1
2023,Reporting year,Local authority,E92000001,England,E12000002,North West,344,E08000015,Wirral,CIN Plans,1021,155.6,992,151.2,1064,162.1,1041,158.6,1622,247.2,1565,238.5,558,85
2023,Reporting year,Local authority,E92000001,England,E12000003,Yorkshire and The Humber,370,E08000016,Barnsley,CIN Plans,x,x,x,x,x,x,x,x,x,x,x,x,x,x
2023,Reporting year,Local authority,E92000001,England,E12000003,Yorkshire and The Humber,380,E08000032,Bradford,CIN Plans,2212,157.2,2160,153.5,2615,185.9,2559,181.9,3752,266.7,3621,257.4,1137,80.8
2023,Reporting year,Local authority,E92000001,England,E12000003,Yorkshire and The Humber,381,E08000033,Calderdale,CIN Plans,316,70.2,315,69.9,355,78.8,353,78.4,506,112.3,501,111.2,151,33.5
2023,Reporting year,Local authority,E92000001,England,E12000003,Yorkshire and The Humber,371,E08000017,Doncaster,CIN Plans,1356,208.7,1340,206.2,821,126.3,811,124.8,1357,208.8,1341,206.3,536,82.5
2023,Reporting year,Local authority,E92000001,England,E12000003,Yorkshire and The Humber,811,E06000011,East Riding of Yorkshire,CIN Plans,1452,234.8,1248,201.9,1448,234.2,1247,201.7,1849,299.1,1560,252.3,401,64.9
2023,Reporting year,Local authority,E92000001,England,E12000003,Yorkshire and The Humber,810,E06000010,"Kingston upon Hull, City of",CIN Plans,1673,279.4,1635,273,1792,299.3,1755,293.1,2683,448.1,2583,431.4,891,148.8
2023,Reporting year,Local authority,E92000001,England,E12000003,Yorkshire and The Humber,382,E08000034,Kirklees,CIN Plans,1835,186.7,1755,178.6,1871,190.4,1787,181.8,2479,252.2,2318,235.8,608,61.9
2023,Reporting year,Local authority,E92000001,England,E12000003,Yorkshire and The Humber,383,E08000035,Leeds,CIN Plans,1594,92.4,1575,91.3,1791,103.9,1769,102.6,2539,147.2,2484,144,748,43.4
2023,Reporting year,Local authority,E92000001,England,E12000003,Yorkshire and The Humber,812,E06000012,North East Lincolnshire,CIN Plans,1259,380.1,1208,364.7,1464,442,1416,427.5,1878,567,1769,534.1,414,125
2023,Reporting year,Local authority,E92000001,England,E12000003,Yorkshire and The Humber,813,E06000013,North Lincolnshire,CIN Plans,589,171.4,588,171.1,517,150.4,513,149.2,957,278.4,931,270.9,440,128
2023,Reporting year,Local authority,E92000001,England,E12000003,Yorkshire and The Humber,815,E10000023,North Yorkshire,CIN Plans,2201,192.2,2130,186,2349,205.1,2275,198.6,3468,302.8,3312,289.2,1119,97.7
2023,Reporting year,Local authority,E92000001,England,E12000003,Yorkshire and The Humber,372,E08000018,Rotherham,CIN Plans,1205,211.1,1179,206.5,1180,206.7,1134,198.6,1750,306.5,1669,292.3,570,99.8
2023,Reporting year,Local authority,E92000001,England,E12000003,Yorkshire and The Humber,373,E08000019,Sheffield,CIN Plans,4607,405.9,4316,380.2,4826,425.1,4452,392.2,6627,583.8,5929,522.3,1801,158.7
2023,Reporting year,Local authority,E92000001,England,E12000003,Yorkshire and The Humber,384,E08000036,Wakefield,CIN Plans,1547,207.1,1501,201,1671,223.7,1615,216.2,2240,299.9,2127,284.8,569,76.2
2023,Reporting year,Local authority,E92000001,England,E12000003,Yorkshire and The Humber,816,E06000014,York,CIN Plans,619,179.2,550,159.2,699,202.4,663,192,984,284.9,895,259.1,285,82.5
2023,Reporting year,Local authority,E92000001,England,E12000004,East Midlands,831,E06000015,Derby,CIN Plans,1497,252.9,1459,246.5,1646,278.1,1618,273.4,2262,382.2,2166,365.9,616,104.1
2023,Reporting year,Local authority,E92000001,England,E12000004,East Midlands,830,E10000007,Derbyshire,CIN Plans,3732,243.9,3610,235.9,3541,231.4,3375,220.5,5302,346.5,4897,320,1761,115.1
2023,Reporting year,Local authority,E92000001,England,E12000004,East Midlands,856,E06000016,Leicester,CIN Plans,841,95.7,804,91.5,836,95.1,791,90,1116,127,1049,119.4,280,31.9
2023,Reporting year,Local authority,E92000001,England,E12000004,East Midlands,855,E10000018,Leicestershire,CIN Plans,1178,82.3,1166,81.5,1250,87.4,1240,86.7,1866,130.4,1834,128.2,616,43
2023,Reporting year,Local authority,E92000001,England,E12000004,East Midlands,925,E10000019,Lincolnshire,CIN Plans,1747,119.9,1721,118.1,1995,136.9,1938,133,3347,229.7,3210,220.3,1352,92.8
2023,Reporting year,Local authority,E92000001,England,E12000004,East Midlands,940,E06000061,North Northamptonshire,CIN Plans,866,108.4,862,107.9,878,109.9,876,109.6,1458,182.4,1441,180.3,580,72.6
2023,Reporting year,Local authority,E92000001,England,E12000004,East Midlands,892,E06000018,Nottingham,CIN Plans,1244,185.7,1213,181.1,1096,163.6,1076,160.7,1795,268,1727,257.9,699,104.4
2023,Reporting year,Local authority,E92000001,England,E12000004,East Midlands,891,E10000024,Nottinghamshire,CIN Plans,2096,126.3,2064,124.4,2404,144.9,2366,142.6,3234,194.9,3109,187.3,830,50
2023,Reporting year,Local authority,E92000001,England,E12000004,East Midlands,857,E06000017,Rutland,CIN Plans,74,92.1,71,88.3,65,80.9,64,79.6,101,125.6,98,121.9,36,44.8
2023,Reporting year,Local authority,E92000001,England,E12000004,East Midlands,941,E06000062,West Northamptonshire,CIN Plans,886,94.8,877,93.9,909,97.3,902,96.5,1590,170.2,1573,168.4,681,72.9
2023,Reporting year,Local authority,E92000001,England,E12000005,West Midlands,330,E08000025,Birmingham,CIN Plans,2708,94.3,2680,93.3,2303,80.2,2288,79.6,4153,144.5,4056,141.2,1850,64.4
2023,Reporting year,Local authority,E92000001,England,E12000005,West Midlands,331,E08000026,Coventry,CIN Plans,1836,234.7,1793,229.2,1608,205.5,1559,199.3,2685,343.2,2551,326.1,1077,137.7
2023,Reporting year,Local authority,E92000001,England,E12000005,West Midlands,332,E08000027,Dudley,CIN Plans,789,114.4,778,112.9,924,134,906,131.4,1482,215,1435,208.2,558,80.9
2023,Reporting year,Local authority,E92000001,England,E12000005,West Midlands,884,E06000019,"Herefordshire, County of",CIN Plans,920,270.9,870,256.2,865,254.7,828,243.8,1233,363.1,1155,340.1,368,108.4
2023,Reporting year,Local authority,E92000001,England,E12000005,West Midlands,333,E08000028,Sandwell,CIN Plans,1162,135.6,1119,130.6,1078,125.8,1037,121,1628,190,1532,178.8,550,64.2
2023,Reporting year,Local authority,E92000001,England,E12000005,West Midlands,893,E06000051,Shropshire,CIN Plans,479,81.1,476,80.6,479,81.1,475,80.4,949,160.7,931,157.6,470,79.6
2023,Reporting year,Local authority,E92000001,England,E12000005,West Midlands,334,E08000029,Solihull,CIN Plans,697,145.6,679,141.8,647,135.2,631,131.8,988,206.4,943,197,341,71.2
2023,Reporting year,Local authority,E92000001,England,E12000005,West Midlands,860,E10000028,Staffordshire,CIN Plans,1444,84.7,1435,84.1,1487,87.2,1487,87.2,2757,161.7,2724,159.7,1270,74.5
2023,Reporting year,Local authority,E92000001,England,E12000005,West Midlands,861,E06000021,Stoke-on-Trent,CIN Plans,1516,257.1,1493,253.2,1508,255.7,1483,251.5,2371,402.1,2271,385.2,863,146.4
2023,Reporting year,Local authority,E92000001,England,E12000005,West Midlands,894,E06000020,Telford and Wrekin,CIN Plans,735,173.7,705,166.6,609,143.9,598,141.3,1266,299.2,1214,286.9,657,155.3
2023,Reporting year,Local authority,E92000001,England,E12000005,West Midlands,335,E08000030,Walsall,CIN Plans,766,111,762,110.4,376,54.5,376,54.5,799,115.8,795,115.2,423,61.3
2023,Reporting year,Local authority,E92000001,England,E12000005,West Midlands,937,E10000031,Warwickshire,CIN Plans,1675,136.9,1645,134.4,1599,130.6,1580,129.1,2898,236.8,2830,231.2,1299,106.1
2023,Reporting year,Local authority,E92000001,England,E12000005,West Midlands,336,E08000031,Wolverhampton,CIN Plans,1413,222.5,1371,215.8,1524,239.9,1472,231.7,2159,339.9,2056,323.7,635,100
2023,Reporting year,Local authority,E92000001,England,E12000005,West Midlands,885,E10000034,Worcestershire,CIN Plans,1578,132.7,1521,127.9,1529,128.6,1486,125,2554,214.8,2421,203.6,1025,86.2
2023,Reporting year,Local authority,E92000001,England,E12000006,East of England,822,E06000055,Bedford,CIN Plans,462,109.4,450,106.5,467,110.5,454,107.5,911,215.6,882,208.8,444,105.1
2023,Reporting year,Local authority,E92000001,England,E12000006,East of England,873,E10000003,Cambridgeshire,CIN Plans,1177,86.1,1119,81.8,1208,88.3,1160,84.8,1751,128.1,1657,121.2,543,39.7
2023,Reporting year,Local authority,E92000001,England,E12000006,East of England,823,E06000056,Central Bedfordshire,CIN Plans,571,86.6,569,86.3,430,65.2,429,65.1,981,148.8,978,148.3,551,83.6
2023,Reporting year,Local authority,E92000001,England,E12000006,East of England,881,E10000012,Essex,CIN Plans,1829,57.5,1818,57.2,1728,54.4,1717,54,3267,102.8,3212,101,1539,48.4
2023,Reporting year,Local authority,E92000001,England,E12000006,East of England,919,E10000015,Hertfordshire,CIN Plans,x,x,x,x,x,x,x,x,x,x,x,x,x,x
2023,Reporting year,Local authority,E92000001,England,E12000006,East of England,821,E06000032,Luton,CIN Plans,638,107.5,612,103.1,848,142.8,820,138.1,1157,194.9,1096,184.6,309,52
2023,Reporting year,Local authority,E92000001,England,E12000006,East of England,926,E10000020,Norfolk,CIN Plans,2338,138.7,2285,135.5,2371,140.6,2314,137.2,3591,213,3474,206,1220,72.4
2023,Reporting year,Local authority,E92000001,England,E12000006,East of England,874,E06000031,Peterborough,CIN Plans,801,146.5,762,139.4,848,155.1,818,149.6,1304,238.6,1233,225.6,456,83.4
2023,Reporting year,Local authority,E92000001,England,E12000006,East of England,882,E06000033,Southend-on-Sea,CIN Plans,750,196.4,724,189.6,779,204,750,196.4,1069,280,1002,262.4,290,76
2023,Reporting year,Local authority,E92000001,England,E12000006,East of England,935,E10000029,Suffolk,CIN Plans,1935,130.5,1886,127.2,1879,126.7,1833,123.6,2962,199.7,2840,191.5,1083,73
2023,Reporting year,Local authority,E92000001,England,E12000006,East of England,883,E06000034,Thurrock,CIN Plans,564,126.1,558,124.7,619,138.4,610,136.4,1072,239.6,1027,229.6,453,101.3
2023,Reporting year,Local authority,E92000001,England,E12000008,South East,867,E06000036,Bracknell Forest,CIN Plans,444,156.7,443,156.4,388,137,387,136.6,691,243.9,680,240,303,107
2023,Reporting year,Local authority,E92000001,England,E12000008,South East,846,E06000043,Brighton and Hove,CIN Plans,x,x,x,x,x,x,x,x,x,x,x,x,x,x
2023,Reporting year,Local authority,E92000001,England,E12000008,South East,825,E06000060,Buckinghamshire,CIN Plans,1748,138.8,1709,135.7,2038,161.9,2020,160.4,3210,254.9,3116,247.5,1172,93.1
2023,Reporting year,Local authority,E92000001,England,E12000008,South East,845,E10000011,East Sussex,CIN Plans,1199,116.6,1180,114.8,1285,125,1263,122.8,2276,221.3,2210,214.9,991,96.4
2023,Reporting year,Local authority,E92000001,England,E12000008,South East,850,E10000014,Hampshire,CIN Plans,10906,384.7,8821,311.2,11784,415.7,9583,338,14197,500.8,11684,412.2,2413,85.1
2023,Reporting year,Local authority,E92000001,England,E12000008,South East,921,E06000046,Isle of Wight,CIN Plans,1645,699,1262,536.2,1633,693.9,1230,522.6,2204,936.5,1723,732.1,571,242.6
2023,Reporting year,Local authority,E92000001,England,E12000008,South East,886,E10000016,Kent,CIN Plans,5081,148.2,4949,144.3,5383,157,5283,154.1,8506,248.1,8154,237.8,3123,91.1
2023,Reporting year,Local authority,E92000001,England,E12000008,South East,887,E06000035,Medway,CIN Plans,516,79.4,516,79.4,32,4.9,32,4.9,555,85.4,555,85.4,523,80.5
2023,Reporting year,Local authority,E92000001,England,E12000008,South East,826,E06000042,Milton Keynes,CIN Plans,1587,223.7,1546,217.9,1528,215.4,1506,212.3,2919,411.4,2790,393.2,1391,196.1
2023,Reporting year,Local authority,E92000001,England,E12000008,South East,931,E10000025,Oxfordshire,CIN Plans,1945,130.1,1887,126.2,2185,146.1,2123,142,3354,224.3,3189,213.3,1169,78.2
2023,Reporting year,Local authority,E92000001,England,E12000008,South East,851,E06000044,Portsmouth,CIN Plans,561,134,544,129.9,559,133.5,549,131.1,860,205.4,835,199.4,301,71.9
2023,Reporting year,Local authority,E92000001,England,E12000008,South East,870,E06000038,Reading,CIN Plans,1828,490.6,1699,456,1458,391.3,1352,362.9,2604,698.9,2333,626.1,1146,307.6
2023,Reporting year,Local authority,E92000001,England,E12000008,South East,871,E06000039,Slough,CIN Plans,786,177.6,778,175.8,923,208.6,910,205.6,1409,318.4,1358,306.9,486,109.8
2023,Reporting year,Local authority,E92000001,England,E12000008,South East,852,E06000045,Southampton,CIN Plans,1442,289.1,1429,286.5,971,194.7,966,193.7,1640,328.8,1627,326.2,669,134.1
2023,Reporting year,Local authority,E92000001,England,E12000008,South East,936,E10000030,Surrey,CIN Plans,2128,80.7,2114,80.2,2313,87.8,2290,86.9,4088,155.1,4018,152.5,1775,67.4
2023,Reporting year,Local authority,E92000001,England,E12000008,South East,869,E06000037,West Berkshire,CIN Plans,1205,345.2,808,231.4,1126,322.5,725,207.7,1432,410.2,1004,287.6,306,87.6
2023,Reporting year,Local authority,E92000001,England,E12000008,South East,938,E10000032,West Sussex,CIN Plans,1380,77.8,1365,77,1648,92.9,1634,92.1,2691,151.7,2656,149.8,1043,58.8
2023,Reporting year,Local authority,E92000001,England,E12000008,South East,868,E06000040,Windsor and Maidenhead,CIN Plans,542,158.9,529,155.1,480,140.7,457,134,737,216,696,204,257,75.3
2023,Reporting year,Local authority,E92000001,England,E12000008,South East,872,E06000041,Wokingham,CIN Plans,362,85.1,362,85.1,348,81.8,348,81.8,581,136.6,581,136.6,233,54.8
2023,Reporting year,Local authority,E92000001,England,E12000009,South West,800,E06000022,Bath and North East Somerset,CIN Plans,379,104.7,371,102.5,444,122.7,442,122.1,757,209.1,741,204.7,313,86.5
2023,Reporting year,Local authority,E92000001,England,E12000009,South West,839,E06000058,"Bournemouth, Christchurch and Poole",CIN Plans,1359,184,1330,180.1,1394,188.8,1347,182.4,2071,280.5,1961,265.6,677,91.7
2023,Reporting year,Local authority,E92000001,England,E12000009,South West,801,E06000023,"Bristol, City of",CIN Plans,1271,138.5,1234,134.5,1286,140.1,1250,136.2,1860,202.7,1780,193.9,574,62.5
2023,Reporting year,Local authority,E92000001,England,E12000009,South West,908,E06000052,Cornwall,CIN Plans,1356,128.7,1325,125.7,1324,125.6,1290,122.4,1860,176.5,1799,170.7,536,50.9
2023,Reporting year,Local authority,E92000001,England,E12000009,South West,878,E10000008,Devon,CIN Plans,2031,138.6,2002,136.7,2085,142.3,2044,139.5,3062,209,2968,202.6,977,66.7
2023,Reporting year,Local authority,E92000001,England,E12000009,South West,838,E06000059,Dorset,CIN Plans,1277,193,1237,186.9,1210,182.8,1178,178,2087,315.4,1955,295.4,877,132.5
2023,Reporting year,Local authority,E92000001,England,E12000009,South West,916,E10000013,Gloucestershire,CIN Plans,2301,178.7,2257,175.2,2149,166.9,2098,162.9,3358,260.7,3214,249.5,1209,93.9
2023,Reporting year,Local authority,E92000001,England,E12000009,South West,420,E06000053,Isles of Scilly,CIN Plans,0,0,0,0,0,0,0,0,0,0,0,0,0,0
2023,Reporting year,Local authority,E92000001,England,E12000009,South West,802,E06000024,North Somerset,CIN Plans,415,95.7,411,94.8,367,84.6,363,83.7,654,150.8,639,147.4,287,66.2
2023,Reporting year,Local authority,E92000001,England,E12000009,South West,879,E06000026,Plymouth,CIN Plans,695,134.3,688,132.9,710,137.2,702,135.6,1177,227.4,1144,221,467,90.2
2023,Reporting year,Local authority,E92000001,England,E12000009,South West,933,E10000027,Somerset,CIN Plans,1128,101.9,1100,99.4,1130,102.1,1112,100.5,1814,163.9,1741,157.3,684,61.8
2023,Reporting year,Local authority,E92000001,England,E12000009,South West,803,E06000025,South Gloucestershire,CIN Plans,509,84.5,504,83.7,555,92.1,551,91.5,1002,166.4,988,164,447,74.2
2023,Reporting year,Local authority,E92000001,England,E12000009,South West,866,E06000030,Swindon,CIN Plans,357,68.6,357,68.6,203,39,203,39,398,76.4,398,76.4,195,37.4
2023,Reporting year,Local authority,E92000001,England,E12000009,South West,880,E06000027,Torbay,CIN Plans,709,283.1,696,278,672,268.4,644,257.2,1193,476.4,1125,449.3,521,208.1
2023,Reporting year,Local authority,E92000001,England,E12000009,South West,865,E06000054,Wiltshire,CIN Plans,1346,130.4,1327,128.6,1397,135.4,1366,132.4,2159,209.2,2062,199.8,762,73.8
2023,Reporting year,Local authority,E92000001,England,E13000001,Inner London,202,E09000007,Camden,CIN Plans,833,226.7,818,222.7,803,218.6,791,215.3,1479,402.6,1424,387.6,676,184
2023,Reporting year,Local authority,E92000001,England,E13000001,Inner London,201,E09000001,City of London,CIN Plans,c,c,c,c,0,0,0,0,c,c,c,c,c,c
2023,Reporting year,Local authority,E92000001,England,E13000001,Inner London,204,E09000012,Hackney,CIN Plans,749,136,746,135.5,525,95.3,524,95.1,945,171.6,942,171,420,76.3
2023,Reporting year,Local authority,E92000001,England,E13000001,Inner London,205,E09000013,Hammersmith and Fulham,CIN Plans,373,116.5,373,116.5,352,109.9,350,109.3,677,211.4,665,207.7,325,101.5
2023,Reporting year,Local authority,E92000001,England,E13000001,Inner London,309,E09000014,Haringey,CIN Plans,847,157.1,835,154.9,784,145.4,781,144.9,1411,261.8,1377,255.4,627,116.3
2023,Reporting year,Local authority,E92000001,England,E13000001,Inner London,206,E09000019,Islington,CIN Plans,767,211.1,764,210.2,828,227.8,813,223.7,1290,355,1240,341.2,462,127.1
2023,Reporting year,Local authority,E92000001,England,E13000001,Inner London,207,E09000020,Kensington and Chelsea,CIN Plans,1279,553.7,1177,509.6,1282,555,1206,522.1,1670,723,1518,657.2,388,168
2023,Reporting year,Local authority,E92000001,England,E13000001,Inner London,208,E09000022,Lambeth,CIN Plans,990,185.5,971,181.9,60,11.2,60,11.2,991,185.6,971,181.9,931,174.4
2023,Reporting year,Local authority,E92000001,England,E13000001,Inner London,209,E09000023,Lewisham,CIN Plans,866,136.6,852,134.4,770,121.5,758,119.6,1367,215.6,1330,209.8,597,94.2
2023,Reporting year,Local authority,E92000001,England,E13000001,Inner London,316,E09000025,Newham,CIN Plans,1274,151.9,1251,149.1,1051,125.3,1036,123.5,2179,259.7,2121,252.8,1128,134.5
2023,Reporting year,Local authority,E92000001,England,E13000001,Inner London,210,E09000028,Southwark,CIN Plans,939,164.3,921,161.2,921,161.2,906,158.6,1802,315.4,1756,307.3,881,154.2
2023,Reporting year,Local authority,E92000001,England,E13000001,Inner London,211,E09000030,Tower Hamlets,CIN Plans,1134,176.2,1106,171.8,1188,184.6,1173,182.3,1708,265.4,1661,258.1,520,80.8
2023,Reporting year,Local authority,E92000001,England,E13000001,Inner London,212,E09000032,Wandsworth,CIN Plans,910,154.7,887,150.8,846,143.9,812,138.1,1764,300,1711,291,918,156.1
2023,Reporting year,Local authority,E92000001,England,E13000001,Inner London,213,E09000033,Westminster,CIN Plans,335,110,290,95.2,199,65.3,192,63,335,110,290,95.2,136,44.6
2023,Reporting year,Local authority,E92000001,England,E13000002,Outer London,301,E09000002,Barking and Dagenham,CIN Plans,1335,209.5,1287,202,1669,261.9,1636,256.7,2292,359.7,2193,344.1,623,97.8
2023,Reporting year,Local authority,E92000001,England,E13000002,Outer London,302,E09000003,Barnet,CIN Plans,x,x,x,x,x,x,x,x,x,x,x,x,x,x
2023,Reporting year,Local authority,E92000001,England,E13000002,Outer London,303,E09000004,Bexley,CIN Plans,995,174.7,933,163.8,1048,184,1005,176.4,1514,265.7,1425,250.1,466,81.8
2023,Reporting year,Local authority,E92000001,England,E13000002,Outer London,304,E09000005,Brent,CIN Plans,1414,192.8,1396,190.3,1049,143,1045,142.5,1685,229.7,1667,227.3,636,86.7
2023,Reporting year,Local authority,E92000001,England,E13000002,Outer London,305,E09000006,Bromley,CIN Plans,712,98.2,712,98.2,21,2.9,21,2.9,948,130.8,948,130.8,927,127.9
2023,Reporting year,Local authority,E92000001,England,E13000002,Outer London,306,E09000008,Croydon,CIN Plans,1345,149.1,1318,146.1,1298,143.9,1270,140.8,2293,254.2,2216,245.6,995,110.3
2023,Reporting year,Local authority,E92000001,England,E13000002,Outer London,307,E09000009,Ealing,CIN Plans,947,117.6,916,113.7,950,117.9,935,116.1,1523,189.1,1462,181.5,573,71.1
2023,Reporting year,Local authority,E92000001,England,E13000002,Outer London,308,E09000010,Enfield,CIN Plans,1434,177.1,1385,171,1376,169.9,1347,166.3,2479,306.1,2370,292.6,1103,136.2
2023,Reporting year,Local authority,E92000001,England,E13000002,Outer London,203,E09000011,Greenwich,CIN Plans,451,68.8,447,68.2,450,68.7,449,68.5,705,107.6,693,105.8,255,38.9
2023,Reporting year,Local authority,E92000001,England,E13000002,Outer London,310,E09000015,Harrow,CIN Plans,560,95,555,94.1,672,114,669,113.4,1059,179.6,1037,175.8,387,65.6
2023,Reporting year,Local authority,E92000001,England,E13000002,Outer London,311,E09000016,Havering,CIN Plans,x,x,x,x,x,x,x,x,x,x,x,x,x,x
2023,Reporting year,Local authority,E92000001,England,E13000002,Outer London,312,E09000017,Hillingdon,CIN Plans,1033,142.3,1018,140.2,1101,151.6,1084,149.3,1801,248,1755,241.7,700,96.4
2023,Reporting year,Local authority,E92000001,England,E13000002,Outer London,313,E09000018,Hounslow,CIN Plans,906,135.3,866,129.3,930,138.9,904,135,1424,212.6,1348,201.3,494,73.8
2023,Reporting year,Local authority,E92000001,England,E13000002,Outer London,314,E09000021,Kingston upon Thames,CIN Plans,489,133.3,476,129.7,481,131.1,473,128.9,731,199.2,698,190.2,250,68.1
2023,Reporting year,Local authority,E92000001,England,E13000002,Outer London,315,E09000024,Merton,CIN Plans,100,21.1,99,20.9,395,83.4,392,82.8,618,130.6,605,127.8,223,47.1
2023,Reporting year,Local authority,E92000001,England,E13000002,Outer London,317,E09000026,Redbridge,CIN Plans,744,96.9,727,94.7,719,93.7,694,90.4,1592,207.4,1541,200.8,873,113.7
2023,Reporting year,Local authority,E92000001,England,E13000002,Outer London,318,E09000027,Richmond upon Thames,CIN Plans,427,96.8,421,95.5,448,101.6,442,100.2,727,164.9,702,159.2,279,63.3
2023,Reporting year,Local authority,E92000001,England,E13000002,Outer London,319,E09000029,Sutton,CIN Plans,556,112,549,110.6,597,120.3,593,119.5,1312,264.4,1296,261.2,715,144.1
2023,Reporting year,Local authority,E92000001,England,E13000002,Outer London,320,E09000031,Waltham Forest,CIN Plans,1144,183.7,1128,181.2,952,152.9,941,151.1,1636,262.8,1599,256.8,684,109.9
2022,Reporting year,National,E92000001,England,,,,,,CIN Plans,202480,172.1,190710,162.1,194030,165,182660,155.3,299440,254.6,279530,237.6,104940,89.2
2022,Reporting year,Regional,E92000001,England,E12000001,North East,,,,CIN Plans,11220,213.7,10900,207.6,11470,218.5,11180,213,18430,351.1,17660,336.4,6970,132.8
2022,Reporting year,Regional,E92000001,England,E12000002,North West,,,,CIN Plans,33500,214.5,32000,204.9,33220,212.7,31840,203.8,48600,311.1,45630,292.1,15360,98.3
2022,Reporting year,Regional,E92000001,England,E12000003,Yorkshire and The Humber,,,,CIN Plans,24360,212.5,23040,200.9,23540,205.3,22330,194.7,34140,297.7,31890,278.1,10610,92.5
2022,Reporting year,Regional,E92000001,England,E12000004,East Midlands,,,,CIN Plans,16150,163.1,15670,158.2,15540,156.9,15150,153,23390,236.2,22400,226.2,7850,79.3
2022,Reporting year,Regional,E92000001,England,E12000005,West Midlands,,,,CIN Plans,15970,123.6,15650,121.1,15280,118.3,14990,116,26310,203.6,25470,197.1,11030,85.4
2022,Reporting year,Regional,E92000001,England,E12000006,East of England,,,,CIN Plans,11680,87.8,11350,85.3,11760,88.4,11470,86.2,18750,140.9,18020,135.4,6990,52.5
2022,Reporting year,Regional,E92000001,England,E12000007,London,,,,CIN Plans,29210,154.2,27240,143.8,26330,139,24590,129.8,44180,233.3,41220,217.6,17860,94.3
2022,Reporting year,Regional,E92000001,England,E12000008,South East,,,,CIN Plans,44380,229.3,39240,202.7,42560,219.9,37080,191.6,62700,323.9,55200,285.2,19700,101.8
2022,Reporting year,Regional,E92000001,England,E12000009,South West,,,,CIN Plans,16000,147.2,15620,143.7,14350,132.1,14030,129.1,22930,211,22040,202.8,8580,79
2022,Reporting year,Regional,E92000001,England,E13000001,Inner London,,,,CIN Plans,13250,202.9,11630,178.1,12030,184.2,10550,161.6,19490,298.5,17350,265.7,7460,114.3
2022,Reporting year,Regional,E92000001,England,E13000002,Outer London,,,,CIN Plans,15960,128.6,15600,125.7,14300,115.2,14040,113.1,24690,198.9,23870,192.3,10400,83.8
2022,Reporting year,Local authority,E92000001,England,E12000001,North East,840,E06000047,County Durham,CIN Plans,2719,274.8,2605,263.2,2634,266.2,2524,255,3877,391.8,3653,369.1,1243,125.6
2022,Reporting year,Local authority,E92000001,England,E12000001,North East,841,E06000005,Darlington,CIN Plans,380,170.8,371,166.8,382,171.7,380,170.8,711,319.7,687,308.9,329,147.9
2022,Reporting year,Local authority,E92000001,England,E12000001,North East,390,E08000037,Gateshead,CIN Plans,677,175.8,669,173.7,567,147.2,564,146.5,1108,287.7,1092,283.6,541,140.5
2022,Reporting year,Local authority,E92000001,England,E12000001,North East,805,E06000001,Hartlepool,CIN Plans,735,370,722,363.5,791,398.2,776,390.7,1232,620.2,1180,594,441,222
2022,Reporting year,Local authority,E92000001,England,E12000001,North East,806,E06000002,Middlesbrough,CIN Plans,1584,473.1,1522,454.6,1786,533.5,1727,515.8,2547,760.8,2399,716.5,761,227.3
2022,Reporting year,Local authority,E92000001,England,E12000001,North East,391,E08000021,Newcastle upon Tyne,CIN Plans,828,143.8,825,143.3,881,153,868,150.7,1499,260.3,1485,257.9,618,107.3
2022,Reporting year,Local authority,E92000001,England,E12000001,North East,392,E08000022,North Tyneside,CIN Plans,507,121.2,501,119.8,518,123.8,511,122.2,1035,247.5,1011,241.7,517,123.6
2022,Reporting year,Local authority,E92000001,England,E12000001,North East,929,E06000057,Northumberland,CIN Plans,1144,195.9,1122,192.1,1106,189.4,1091,186.8,1958,335.3,1880,321.9,852,145.9
2022,Reporting year,Local authority,E92000001,England,E12000001,North East,807,E06000003,Redcar and Cleveland,CIN Plans,587,216,574,211.2,711,261.6,699,257.2,1179,433.8,1145,421.3,468,172.2
2022,Reporting year,Local authority,E92000001,England,E12000001,North East,393,E08000023,South Tyneside,CIN Plans,x,x,x,x,x,x,x,x,x,x,x,x,x,x
2022,Reporting year,Local authority,E92000001,England,E12000001,North East,808,E06000004,Stockton-on-Tees,CIN Plans,1072,248.3,1030,238.6,1134,262.7,1096,253.9,1804,417.8,1701,394,670,155.2
2022,Reporting year,Local authority,E92000001,England,E12000001,North East,394,E08000024,Sunderland,CIN Plans,989,183,962,178,955,176.7,946,175,1481,274,1423,263.3,526,97.3
2022,Reporting year,Local authority,E92000001,England,E12000002,North West,889,E06000008,Blackburn with Darwen,CIN Plans,719,180.9,687,172.8,802,201.8,777,195.5,1145,288,1079,271.4,343,86.3
2022,Reporting year,Local authority,E92000001,England,E12000002,North West,890,E06000009,Blackpool,CIN Plans,834,299.8,817,293.7,748,268.9,733,263.5,1222,439.3,1166,419.1,474,170.4
2022,Reporting year,Local authority,E92000001,England,E12000002,North West,350,E08000001,Bolton,CIN Plans,2326,325.7,2080,291.3,2371,332,2167,303.5,2852,399.4,2533,354.7,481,67.4
2022,Reporting year,Local authority,E92000001,England,E12000002,North West,351,E08000002,Bury,CIN Plans,837,191.2,824,188.3,751,171.6,726,165.9,1244,284.2,1192,272.4,493,112.6
2022,Reporting year,Local authority,E92000001,England,E12000002,North West,895,E06000049,Cheshire East,CIN Plans,1267,161.6,1231,157.1,1370,174.8,1337,170.6,2008,256.2,1905,243,638,81.4
2022,Reporting year,Local authority,E92000001,England,E12000002,North West,896,E06000050,Cheshire West and Chester,CIN Plans,995,143.4,987,142.2,1002,144.4,986,142.1,1590,229.1,1541,222,588,84.7
2022,Reporting year,Local authority,E92000001,England,E12000002,North West,909,E10000006,Cumbria,CIN Plans,1714,189.8,1606,177.8,1722,190.6,1601,177.2,2502,277,2302,254.9,780,86.4
2022,Reporting year,Local authority,E92000001,England,E12000002,North West,876,E06000006,Halton,CIN Plans,678,246.3,614,223.1,660,239.8,605,219.8,1023,371.7,889,323,363,131.9
2022,Reporting year,Local authority,E92000001,England,E12000002,North West,340,E08000011,Knowsley,CIN Plans,473,139.8,457,135,568,167.8,553,163.4,850,251.2,811,239.7,282,83.3
2022,Reporting year,Local authority,E92000001,England,E12000002,North West,888,E10000017,Lancashire,CIN Plans,1707,68.1,1660,66.2,1687,67.3,1653,66,3125,124.7,3012,120.2,1438,57.4
2022,Reporting year,Local authority,E92000001,England,E12000002,North West,341,E08000012,Liverpool,CIN Plans,1565,168.6,1535,165.4,1565,168.6,1513,163,2356,253.9,2254,242.9,776,83.6
2022,Reporting year,Local authority,E92000001,England,E12000002,North West,352,E08000003,Manchester,CIN Plans,3805,300.1,3622,285.7,3908,308.3,3721,293.5,5242,413.5,4862,383.5,1334,105.2
2022,Reporting year,Local authority,E92000001,England,E12000002,North West,353,E08000004,Oldham,CIN Plans,1974,319.7,1974,319.7,2008,325.2,2008,325.2,2595,420.3,2595,420.3,587,95.1
2022,Reporting year,Local authority,E92000001,England,E12000002,North West,354,E08000005,Rochdale,CIN Plans,2934,536.7,2709,495.5,3174,580.6,2945,538.7,4076,745.6,3665,670.4,902,165
2022,Reporting year,Local authority,E92000001,England,E12000002,North West,355,E08000006,Salford,CIN Plans,1461,249,1423,242.5,833,142,823,140.3,1593,271.5,1551,264.3,760,129.5
2022,Reporting year,Local authority,E92000001,England,E12000002,North West,343,E08000014,Sefton,CIN Plans,1341,253,1311,247.4,1222,230.6,1203,227,2107,397.6,2009,379.1,885,167
2022,Reporting year,Local authority,E92000001,England,E12000002,North West,342,E08000013,St. Helens,CIN Plans,729,198.8,707,192.8,729,198.8,721,196.6,1170,319,1119,305.1,441,120.2
2022,Reporting year,Local authority,E92000001,England,E12000002,North West,356,E08000007,Stockport,CIN Plans,1537,245.9,1460,233.6,1612,257.9,1530,244.8,2411,385.7,2219,355,799,127.8
2022,Reporting year,Local authority,E92000001,England,E12000002,North West,357,E08000008,Tameside,CIN Plans,1596,312.1,1504,294.1,1461,285.7,1394,272.6,2087,408.1,1933,378,626,122.4
2022,Reporting year,Local authority,E92000001,England,E12000002,North West,358,E08000009,Trafford,CIN Plans,949,173.4,915,167.2,937,171.2,917,167.5,1440,263.1,1379,251.9,503,91.9
2022,Reporting year,Local authority,E92000001,England,E12000002,North West,877,E06000007,Warrington,CIN Plans,1110,257.9,1052,244.5,1232,286.3,1156,268.6,1651,383.7,1535,356.7,419,97.4
2022,Reporting year,Local authority,E92000001,England,E12000002,North West,359,E08000010,Wigan,CIN Plans,1811,266.2,1719,252.7,1769,260,1695,249.1,2618,384.8,2443,359.1,849,124.8
2022,Reporting year,Local authority,E92000001,England,E12000002,North West,344,E08000015,Wirral,CIN Plans,1138,173.8,1103,168.5,1093,166.9,1074,164,1691,258.3,1633,249.4,598,91.3
2022,Reporting year,Local authority,E92000001,England,E12000003,Yorkshire and The Humber,370,E08000016,Barnsley,CIN Plans,1024,204.4,1005,200.6,1082,216,1062,212,1617,322.8,1562,311.8,535,106.8
2022,Reporting year,Local authority,E92000001,England,E12000003,Yorkshire and The Humber,380,E08000032,Bradford,CIN Plans,2935,208.9,2857,203.4,3111,221.4,3054,217.4,4464,317.8,4312,306.9,1353,96.3
2022,Reporting year,Local authority,E92000001,England,E12000003,Yorkshire and The Humber,381,E08000033,Calderdale,CIN Plans,275,61.1,271,60.2,356,79,342,75.9,462,102.6,447,99.3,106,23.5
2022,Reporting year,Local authority,E92000001,England,E12000003,Yorkshire and The Humber,371,E08000017,Doncaster,CIN Plans,1175,183.3,1162,181.3,512,79.9,509,79.4,1177,183.6,1164,181.6,665,103.7
2022,Reporting year,Local authority,E92000001,England,E12000003,Yorkshire and The Humber,811,E06000011,East Riding of Yorkshire,CIN Plans,2085,339.1,1598,259.9,1753,285.1,1352,219.9,2278,370.5,1675,272.4,525,85.4
2022,Reporting year,Local authority,E92000001,England,E12000003,Yorkshire and The Humber,810,E06000010,"Kingston upon Hull, City of",CIN Plans,1806,305.8,1773,300.2,1782,301.8,1728,292.6,2777,470.2,2644,447.7,995,168.5
2022,Reporting year,Local authority,E92000001,England,E12000003,Yorkshire and The Humber,382,E08000034,Kirklees,CIN Plans,1797,183.8,1712,175.1,1874,191.7,1786,182.7,2516,257.3,2359,241.3,642,65.7
2022,Reporting year,Local authority,E92000001,England,E12000003,Yorkshire and The Humber,383,E08000035,Leeds,CIN Plans,1967,115.3,1939,113.6,2060,120.7,2024,118.6,2953,173.1,2880,168.8,893,52.3
2022,Reporting year,Local authority,E92000001,England,E12000003,Yorkshire and The Humber,812,E06000012,North East Lincolnshire,CIN Plans,898,272,871,263.8,1280,387.6,1232,373.1,1457,441.2,1382,418.5,177,53.6
2022,Reporting year,Local authority,E92000001,England,E12000003,Yorkshire and The Humber,813,E06000013,North Lincolnshire,CIN Plans,461,135.3,459,134.7,470,137.9,467,137.1,836,245.4,819,240.4,366,107.4
2022,Reporting year,Local authority,E92000001,England,E12000003,Yorkshire and The Humber,815,E10000023,North Yorkshire,CIN Plans,2229,196,2101,184.8,2126,187,2021,177.7,3399,298.9,3179,279.6,1273,112
2022,Reporting year,Local authority,E92000001,England,E12000003,Yorkshire and The Humber,372,E08000018,Rotherham,CIN Plans,1161,206,1133,201.1,1223,217,1178,209.1,1752,310.9,1670,296.4,529,93.9
2022,Reporting year,Local authority,E92000001,England,E12000003,Yorkshire and The Humber,373,E08000019,Sheffield,CIN Plans,3840,341.6,3558,316.5,3741,332.8,3449,306.8,5255,467.4,4730,420.7,1514,134.7
2022,Reporting year,Local authority,E92000001,England,E12000003,Yorkshire and The Humber,384,E08000036,Wakefield,CIN Plans,2108,286.1,2043,277.3,1617,219.5,1586,215.2,2281,309.6,2207,299.5,664,90.1
2022,Reporting year,Local authority,E92000001,England,E12000003,Yorkshire and The Humber,816,E06000014,York,CIN Plans,602,173.5,556,160.3,548,158,538,155.1,920,265.2,861,248.2,372,107.2
2022,Reporting year,Local authority,E92000001,England,E12000004,East Midlands,831,E06000015,Derby,CIN Plans,2020,344.6,1930,329.3,2102,358.6,2050,349.8,2905,495.6,2764,471.6,803,137
2022,Reporting year,Local authority,E92000001,England,E12000004,East Midlands,830,E10000007,Derbyshire,CIN Plans,3608,238.1,3441,227.1,3677,242.7,3559,234.9,5386,355.5,5051,333.4,1709,112.8
2022,Reporting year,Local authority,E92000001,England,E12000004,East Midlands,856,E06000016,Leicester,CIN Plans,1014,116.8,971,111.9,1102,127,1055,121.5,1379,158.9,1297,149.4,277,31.9
2022,Reporting year,Local authority,E92000001,England,E12000004,East Midlands,855,E10000018,Leicestershire,CIN Plans,1176,83.6,1164,82.7,1228,87.3,1213,86.2,1917,136.3,1874,133.2,689,49
2022,Reporting year,Local authority,E92000001,England,E12000004,East Midlands,925,E10000019,Lincolnshire,CIN Plans,2105,146,2061,143,1931,133.9,1898,131.7,3534,245.1,3413,236.7,1603,111.2
2022,Reporting year,Local authority,E92000001,England,E12000004,East Midlands,940,E06000061,North Northamptonshire,CIN Plans,1077,136,1063,134.2,716,90.4,708,89.4,1228,155.1,1208,152.6,512,64.7
2022,Reporting year,Local authority,E92000001,England,E12000004,East Midlands,892,E06000018,Nottingham,CIN Plans,959,145.3,938,142.2,1124,170.3,1102,167,1652,250.4,1612,244.3,528,80
2022,Reporting year,Local authority,E92000001,England,E12000004,East Midlands,891,E10000024,Nottinghamshire,CIN Plans,2997,183.5,2931,179.5,2817,172.5,2740,167.8,3950,241.9,3785,231.8,1133,69.4
2022,Reporting year,Local authority,E92000001,England,E12000004,East Midlands,857,E06000017,Rutland,CIN Plans,72,90.2,72,90.2,101,126.5,98,122.7,127,159,124,155.3,26,32.6
2022,Reporting year,Local authority,E92000001,England,E12000004,East Midlands,941,E06000062,West Northamptonshire,CIN Plans,1126,122.3,1098,119.3,740,80.4,731,79.4,1312,142.5,1276,138.6,572,62.1
2022,Reporting year,Local authority,E92000001,England,E12000005,West Midlands,330,E08000025,Birmingham,CIN Plans,1626,56.8,1612,56.3,1707,59.6,1686,58.8,3049,106.4,2989,104.3,1342,46.8
2022,Reporting year,Local authority,E92000001,England,E12000005,West Midlands,331,E08000026,Coventry,CIN Plans,1748,228.4,1715,224.1,1772,231.6,1730,226.1,2628,343.4,2506,327.5,856,111.9
2022,Reporting year,Local authority,E92000001,England,E12000005,West Midlands,332,E08000027,Dudley,CIN Plans,951,138.9,932,136.1,917,134,894,130.6,1533,223.9,1487,217.2,616,90
2022,Reporting year,Local authority,E92000001,England,E12000005,West Midlands,884,E06000019,"Herefordshire, County of",CIN Plans,590,174.6,577,170.8,449,132.9,437,129.4,783,231.8,747,221.1,334,98.9
2022,Reporting year,Local authority,E92000001,England,E12000005,West Midlands,333,E08000028,Sandwell,CIN Plans,1089,128.3,1058,124.6,1356,159.7,1314,154.8,1839,216.6,1754,206.6,483,56.9
2022,Reporting year,Local authority,E92000001,England,E12000005,West Midlands,893,E06000051,Shropshire,CIN Plans,582,99.7,573,98.1,578,99,567,97.1,1058,181.2,1030,176.4,480,82.2
2022,Reporting year,Local authority,E92000001,England,E12000005,West Midlands,334,E08000029,Solihull,CIN Plans,510,108.7,496,105.7,406,86.5,395,84.2,708,150.9,675,143.8,302,64.4
2022,Reporting year,Local authority,E92000001,England,E12000005,West Midlands,860,E10000028,Staffordshire,CIN Plans,1761,104.2,1739,102.9,1916,113.4,1907,112.9,3230,191.2,3163,187.2,1314,77.8
2022,Reporting year,Local authority,E92000001,England,E12000005,West Midlands,861,E06000021,Stoke-on-Trent,CIN Plans,1447,247.8,1404,240.5,1404,240.5,1355,232.1,2255,386.2,2118,362.8,851,145.8
2022,Reporting year,Local authority,E92000001,England,E12000005,West Midlands,894,E06000020,Telford and Wrekin,CIN Plans,550,132.8,521,125.8,482,116.4,474,114.4,1018,245.8,974,235.1,536,129.4
2022,Reporting year,Local authority,E92000001,England,E12000005,West Midlands,335,E08000030,Walsall,CIN Plans,667,97.7,667,97.7,512,75,512,75,1101,161.2,1101,161.2,589,86.3
2022,Reporting year,Local authority,E92000001,England,E12000005,West Midlands,937,E10000031,Warwickshire,CIN Plans,1727,144.4,1716,143.5,1248,104.3,1238,103.5,2923,244.4,2884,241.1,1675,140
2022,Reporting year,Local authority,E92000001,England,E12000005,West Midlands,336,E08000031,Wolverhampton,CIN Plans,1306,210.6,1265,204,1211,195.3,1196,192.9,1878,302.9,1827,294.6,667,107.6
2022,Reporting year,Local authority,E92000001,England,E12000005,West Midlands,885,E10000034,Worcestershire,CIN Plans,1419,120.4,1378,117,1325,112.5,1283,108.9,2307,195.8,2219,188.4,982,83.4
2022,Reporting year,Local authority,E92000001,England,E12000006,East of England,822,E06000055,Bedford,CIN Plans,690,166.3,660,159,617,148.7,604,145.5,1064,256.4,1022,246.3,447,107.7
2022,Reporting year,Local authority,E92000001,England,E12000006,East of England,873,E10000003,Cambridgeshire,CIN Plans,1264,94.5,1229,91.9,1233,92.2,1196,89.4,1814,135.6,1746,130.5,581,43.4
2022,Reporting year,Local authority,E92000001,England,E12000006,East of England,823,E06000056,Central Bedfordshire,CIN Plans,547,85.3,546,85.2,492,76.7,492,76.7,896,139.7,895,139.6,404,63
2022,Reporting year,Local authority,E92000001,England,E12000006,East of England,881,E10000012,Essex,CIN Plans,1975,63,1951,62.2,1916,61.1,1901,60.6,3347,106.7,3269,104.2,1431,45.6
2022,Reporting year,Local authority,E92000001,England,E12000006,East of England,919,E10000015,Hertfordshire,CIN Plans,x,x,x,x,x,x,x,x,x,x,x,x,x,x
2022,Reporting year,Local authority,E92000001,England,E12000006,East of England,821,E06000032,Luton,CIN Plans,711,121,688,117.1,787,133.9,772,131.3,1300,221.2,1261,214.5,513,87.3
2022,Reporting year,Local authority,E92000001,England,E12000006,East of England,926,E10000020,Norfolk,CIN Plans,2334,139.4,2244,134.1,2336,139.5,2239,133.8,3582,214,3389,202.4,1246,74.4
2022,Reporting year,Local authority,E92000001,England,E12000006,East of England,874,E06000031,Peterborough,CIN Plans,766,142.5,750,139.5,735,136.8,725,134.9,1245,231.6,1197,222.7,510,94.9
2022,Reporting year,Local authority,E92000001,England,E12000006,East of England,882,E06000033,Southend-on-Sea,CIN Plans,715,188,689,181.2,749,197,728,191.5,1069,281.1,1018,267.7,320,84.2
2022,Reporting year,Local authority,E92000001,England,E12000006,East of England,935,E10000029,Suffolk,CIN Plans,1874,127.4,1830,124.4,1954,132.9,1904,129.5,2985,203,2847,193.6,1031,70.1
2022,Reporting year,Local authority,E92000001,England,E12000006,East of England,883,E06000034,Thurrock,CIN Plans,803,182.1,764,173.3,938,212.7,911,206.6,1447,328.2,1377,312.3,509,115.4
2022,Reporting year,Local authority,E92000001,England,E12000008,South East,867,E06000036,Bracknell Forest,CIN Plans,x,x,x,x,x,x,x,x,x,x,x,x,x,x
2022,Reporting year,Local authority,E92000001,England,E12000008,South East,846,E06000043,Brighton and Hove,CIN Plans,x,x,x,x,x,x,x,x,x,x,x,x,x,x
2022,Reporting year,Local authority,E92000001,England,E12000008,South East,825,E06000060,Buckinghamshire,CIN Plans,2284,184.9,2231,180.6,1979,160.2,1937,156.8,3438,278.4,3310,268,1459,118.1
2022,Reporting year,Local authority,E92000001,England,E12000008,South East,845,E10000011,East Sussex,CIN Plans,1277,125.2,1239,121.5,1245,122.1,1205,118.2,2286,224.2,2191,214.9,1041,102.1
2022,Reporting year,Local authority,E92000001,England,E12000008,South East,850,E10000014,Hampshire,CIN Plans,17371,618.3,14311,509.4,18572,661.1,15183,540.5,21172,753.6,17345,617.4,2600,92.6
2022,Reporting year,Local authority,E92000001,England,E12000008,South East,921,E06000046,Isle of Wight,CIN Plans,2228,942.6,1818,769.2,2419,1023.4,1967,832.2,2642,1117.8,2093,885.5,223,94.3
2022,Reporting year,Local authority,E92000001,England,E12000008,South East,886,E10000016,Kent,CIN Plans,5083,151.2,4958,147.5,4740,141,4622,137.5,8197,243.9,7859,233.8,3457,102.9
2022,Reporting year,Local authority,E92000001,England,E12000008,South East,887,E06000035,Medway,CIN Plans,398,62.4,398,62.4,7,1.1,7,1.1,436,68.3,432,67.7,429,67.2
2022,Reporting year,Local authority,E92000001,England,E12000008,South East,826,E06000042,Milton Keynes,CIN Plans,1459,209.5,1426,204.8,1298,186.4,1261,181.1,2628,377.4,2509,360.3,1330,191
2022,Reporting year,Local authority,E92000001,England,E12000008,South East,931,E10000025,Oxfordshire,CIN Plans,1880,128.5,1845,126.1,1891,129.2,1856,126.8,3279,224.1,3167,216.4,1388,94.8
2022,Reporting year,Local authority,E92000001,England,E12000008,South East,851,E06000044,Portsmouth,CIN Plans,605,146,599,144.5,536,129.3,529,127.6,785,189.4,769,185.5,249,60.1
2022,Reporting year,Local authority,E92000001,England,E12000008,South East,870,E06000038,Reading,CIN Plans,1898,522.4,1716,472.3,1687,464.3,1543,424.7,2743,754.9,2429,668.5,1056,290.6
2022,Reporting year,Local authority,E92000001,England,E12000008,South East,871,E06000039,Slough,CIN Plans,983,224.8,968,221.3,880,201.2,863,197.3,1493,341.4,1451,331.8,613,140.2
2022,Reporting year,Local authority,E92000001,England,E12000008,South East,852,E06000045,Southampton,CIN Plans,2839,574.8,2508,507.8,915,185.3,738,149.4,2930,593.3,2567,519.8,2015,408
2022,Reporting year,Local authority,E92000001,England,E12000008,South East,936,E10000030,Surrey,CIN Plans,2331,89.8,2296,88.5,2394,92.3,2358,90.9,4294,165.5,4175,160.9,1900,73.2
2022,Reporting year,Local authority,E92000001,England,E12000008,South East,869,E06000037,West Berkshire,CIN Plans,980,283.3,692,200,825,238.5,549,158.7,1098,317.4,778,224.9,273,78.9
2022,Reporting year,Local authority,E92000001,England,E12000008,South East,938,E10000032,West Sussex,CIN Plans,2376,135.9,1847,105.6,2764,158.1,2062,117.9,4679,267.6,3529,201.8,1467,83.9
2022,Reporting year,Local authority,E92000001,England,E12000008,South East,868,E06000040,Windsor and Maidenhead,CIN Plans,389,114.8,387,114.2,403,119,398,117.5,600,177.1,592,174.8,197,58.2
2022,Reporting year,Local authority,E92000001,England,E12000008,South East,872,E06000041,Wokingham,CIN Plans,x,x,x,x,x,x,x,x,x,x,x,x,x,x
2022,Reporting year,Local authority,E92000001,England,E12000009,South West,800,E06000022,Bath and North East Somerset,CIN Plans,347,97.2,341,95.5,423,118.4,412,115.4,756,211.7,734,205.5,333,93.2
2022,Reporting year,Local authority,E92000001,England,E12000009,South West,839,E06000058,"Bournemouth, Christchurch and Poole",CIN Plans,1742,237.7,1658,226.2,1671,228,1608,219.4,2534,345.7,2356,321.4,863,117.7
2022,Reporting year,Local authority,E92000001,England,E12000009,South West,801,E06000023,"Bristol, City of",CIN Plans,1202,131.2,1164,127,1189,129.7,1143,124.7,1782,194.5,1681,183.4,593,64.7
2022,Reporting year,Local authority,E92000001,England,E12000009,South West,908,E06000052,Cornwall,CIN Plans,1338,127.6,1314,125.3,1337,127.5,1316,125.5,1837,175.2,1788,170.5,500,47.7
2022,Reporting year,Local authority,E92000001,England,E12000009,South West,878,E10000008,Devon,CIN Plans,1831,126.3,1809,124.8,1481,102.2,1453,100.3,2466,170.1,2388,164.8,985,68
2022,Reporting year,Local authority,E92000001,England,E12000009,South West,838,E06000059,Dorset,CIN Plans,1269,192.3,1225,185.7,1213,183.8,1184,179.4,2029,307.5,1929,292.3,816,123.7
2022,Reporting year,Local authority,E92000001,England,E12000009,South West,916,E10000013,Gloucestershire,CIN Plans,2156,169.6,2099,165.1,2027,159.5,2004,157.6,3104,244.2,2991,235.3,1077,84.7
2022,Reporting year,Local authority,E92000001,England,E12000009,South West,420,E06000053,Isles of Scilly,CIN Plans,x,x,x,x,x,x,x,x,x,x,x,x,x,x
2022,Reporting year,Local authority,E92000001,England,E12000009,South West,802,E06000024,North Somerset,CIN Plans,413,96.4,404,94.3,385,89.9,372,86.8,624,145.7,601,140.3,239,55.8
2022,Reporting year,Local authority,E92000001,England,E12000009,South West,879,E06000026,Plymouth,CIN Plans,1020,197.6,1003,194.3,984,190.6,967,187.3,1472,285.1,1434,277.8,488,94.5
2022,Reporting year,Local authority,E92000001,England,E12000009,South West,933,E10000027,Somerset,CIN Plans,886,81,877,80.2,776,70.9,765,69.9,1405,128.4,1376,125.8,629,57.5
2022,Reporting year,Local authority,E92000001,England,E12000009,South West,803,E06000025,South Gloucestershire,CIN Plans,610,103,608,102.6,529,89.3,527,89,946,159.7,935,157.8,417,70.4
2022,Reporting year,Local authority,E92000001,England,E12000009,South West,866,E06000030,Swindon,CIN Plans,560,108.9,560,108.9,198,38.5,198,38.5,560,108.9,560,108.9,362,70.4
2022,Reporting year,Local authority,E92000001,England,E12000009,South West,880,E06000027,Torbay,CIN Plans,1195,474.5,1146,455.1,723,287.1,705,280,1212,481.3,1163,461.8,489,194.2
2022,Reporting year,Local authority,E92000001,England,E12000009,South West,865,E06000054,Wiltshire,CIN Plans,1432,138.9,1411,136.9,1412,137,1377,133.6,2203,213.7,2105,204.2,791,76.7
2022,Reporting year,Local authority,E92000001,England,E13000001,Inner London,202,E09000007,Camden,CIN Plans,895,244.7,873,238.7,953,260.6,944,258.1,1608,439.7,1572,429.8,655,179.1
2022,Reporting year,Local authority,E92000001,England,E13000001,Inner London,201,E09000001,City of London,CIN Plans,26,397.6,26,397.6,0,0,0,0,36,550.5,36,550.5,36,550.5
2022,Reporting year,Local authority,E92000001,England,E13000001,Inner London,204,E09000012,Hackney,CIN Plans,x,x,x,x,x,x,x,x,x,x,x,x,x,x
2022,Reporting year,Local authority,E92000001,England,E13000001,Inner London,205,E09000013,Hammersmith and Fulham,CIN Plans,303,95.2,297,93.3,400,125.7,394,123.8,704,221.2,673,211.5,304,95.5
2022,Reporting year,Local authority,E92000001,England,E13000001,Inner London,309,E09000014,Haringey,CIN Plans,1173,215.8,1172,215.6,1078,198.3,1073,197.4,1668,306.8,1662,305.7,590,108.5
2022,Reporting year,Local authority,E92000001,England,E13000001,Inner London,206,E09000019,Islington,CIN Plans,2463,672.9,1141,311.7,2547,695.8,1253,342.3,3060,836,1392,380.3,513,140.1
2022,Reporting year,Local authority,E92000001,England,E13000001,Inner London,207,E09000020,Kensington and Chelsea,CIN Plans,1304,570,1182,516.6,1241,542.4,1136,496.5,1643,718.1,1476,645.1,402,175.7
2022,Reporting year,Local authority,E92000001,England,E13000001,Inner London,208,E09000022,Lambeth,CIN Plans,1040,191.4,1013,186.5,86,15.8,86,15.8,1040,191.4,1013,186.5,954,175.6
2022,Reporting year,Local authority,E92000001,England,E13000001,Inner London,209,E09000023,Lewisham,CIN Plans,837,129.9,823,127.7,839,130.2,834,129.4,1344,208.6,1316,204.2,505,78.4
2022,Reporting year,Local authority,E92000001,England,E13000001,Inner London,316,E09000025,Newham,CIN Plans,1245,148.5,1227,146.3,1266,151,1243,148.2,2151,256.5,2100,250.4,885,105.5
2022,Reporting year,Local authority,E92000001,England,E13000001,Inner London,210,E09000028,Southwark,CIN Plans,903,157.7,892,155.8,885,154.5,880,153.7,1760,307.3,1725,301.2,875,152.8
2022,Reporting year,Local authority,E92000001,England,E13000001,Inner London,211,E09000030,Tower Hamlets,CIN Plans,1358,211,1330,206.6,1464,227.4,1450,225.2,2025,314.6,1980,307.6,561,87.1
2022,Reporting year,Local authority,E92000001,England,E13000001,Inner London,212,E09000032,Wandsworth,CIN Plans,1198,201.7,1153,194.1,1078,181.5,1064,179.2,1945,327.5,1900,319.9,867,146
2022,Reporting year,Local authority,E92000001,England,E13000001,Inner London,213,E09000033,Westminster,CIN Plans,505,165,505,165,194,63.4,194,63.4,505,165,505,165,311,101.6
2022,Reporting year,Local authority,E92000001,England,E13000002,Outer London,301,E09000002,Barking and Dagenham,CIN Plans,1655,261.1,1613,254.5,1536,242.4,1499,236.5,2489,392.7,2396,378.1,953,150.4
2022,Reporting year,Local authority,E92000001,England,E13000002,Outer London,302,E09000003,Barnet,CIN Plans,x,x,x,x,x,x,x,x,x,x,x,x,x,x
2022,Reporting year,Local authority,E92000001,England,E13000002,Outer London,303,E09000004,Bexley,CIN Plans,1006,177.9,947,167.5,970,171.6,914,161.7,1494,264.3,1379,243.9,524,92.7
2022,Reporting year,Local authority,E92000001,England,E13000002,Outer London,304,E09000005,Brent,CIN Plans,1149,157.3,1142,156.4,1138,155.8,1134,155.3,1273,174.3,1266,173.4,135,18.5
2022,Reporting year,Local authority,E92000001,England,E13000002,Outer London,305,E09000006,Bromley,CIN Plans,820,113.1,750,103.5,116,16,110,15.2,1006,138.8,896,123.6,890,122.8
2022,Reporting year,Local authority,E92000001,England,E13000002,Outer London,306,E09000008,Croydon,CIN Plans,1424,158.2,1407,156.3,1281,142.3,1272,141.3,2219,246.5,2182,242.4,938,104.2
2022,Reporting year,Local authority,E92000001,England,E13000002,Outer London,307,E09000009,Ealing,CIN Plans,1070,133.5,1057,131.9,1070,133.5,1057,131.9,1715,214,1660,207.2,645,80.5
2022,Reporting year,Local authority,E92000001,England,E13000002,Outer London,308,E09000010,Enfield,CIN Plans,1135,138.8,1110,135.7,944,115.4,932,114,1967,240.5,1905,232.9,1023,125.1
2022,Reporting year,Local authority,E92000001,England,E13000002,Outer London,203,E09000011,Greenwich,CIN Plans,508,77.3,502,76.4,498,75.8,494,75.2,741,112.8,727,110.7,243,37
2022,Reporting year,Local authority,E92000001,England,E13000002,Outer London,310,E09000015,Harrow,CIN Plans,752,129.4,746,128.4,699,120.3,691,118.9,1269,218.4,1252,215.5,570,98.1
2022,Reporting year,Local authority,E92000001,England,E13000002,Outer London,311,E09000016,Havering,CIN Plans,621,106.1,621,106.1,530,90.5,530,90.5,938,160.2,938,160.2,408,69.7
2022,Reporting year,Local authority,E92000001,England,E13000002,Outer London,312,E09000017,Hillingdon,CIN Plans,1198,168.4,1172,164.7,1116,156.9,1095,153.9,1893,266.1,1812,254.7,777,109.2
2022,Reporting year,Local authority,E92000001,England,E13000002,Outer London,313,E09000018,Hounslow,CIN Plans,921,139.4,895,135.5,840,127.2,811,122.8,1358,205.6,1288,195,518,78.4
2022,Reporting year,Local authority,E92000001,England,E13000002,Outer London,314,E09000021,Kingston upon Thames,CIN Plans,445,122.1,435,119.4,455,124.9,441,121,703,192.9,669,183.6,248,68.1
2022,Reporting year,Local authority,E92000001,England,E13000002,Outer London,315,E09000024,Merton,CIN Plans,137,29.2,136,28.9,123,26.2,119,25.3,278,59.2,269,57.3,155,33
2022,Reporting year,Local authority,E92000001,England,E13000002,Outer London,317,E09000026,Redbridge,CIN Plans,800,104.8,784,102.7,678,88.8,668,87.5,1531,200.5,1499,196.4,853,111.7
2022,Reporting year,Local authority,E92000001,England,E13000002,Outer London,318,E09000027,Richmond upon Thames,CIN Plans,472,107.8,463,105.7,423,96.6,419,95.7,723,165.1,702,160.3,300,68.5
2022,Reporting year,Local authority,E92000001,England,E13000002,Outer London,319,E09000029,Sutton,CIN Plans,796,162.5,792,161.7,822,167.8,815,166.4,1568,320.1,1547,315.8,746,152.3
2022,Reporting year,Local authority,E92000001,England,E13000002,Outer London,320,E09000031,Waltham Forest,CIN Plans,1051,167.9,1030,164.6,1057,168.9,1035,165.4,1528,244.2,1483,237,471,75.3
